Al,Co,Cr,Fe,Ni,Cu,Mn,Ti,V,Nb,Mo,Zr,Hf,Ta,W,C,Mg,Zn,Si,Re,N,Sc,Li,Sn,Be,Num_of_Elem,Density_calc,dHmix,dSmix,dGmix,Tm,n.Para,Atom.Size.Diff,Elect.Diff,VEC,Sythesis_Route,Homogenization_Temp,Homogenization_Time,Annealing_Time_(min),Phases
0.06,0.0,0.0,0.0,0.0,0.0,0.0,0.28,0.04,0.2,0.0,0.26,0.0,0.16,0.0,0.0,0.0,0.0,0.0,0.0,0.0,0.0,0.0,0.0,0.0,6.0,7.71,-4.86,13.46,601.2169546,2316.49,6.41,4.5,0.11,4.34,1,1400.0,120.0,1440.0,1
0.06,0.0,0.0,0.0,0.0,0.0,0.0,0.28,0.04,0.2,0.0,0.26,0.0,0.16,0.0,0.0,0.0,0.0,0.0,0.0,0.0,0.0,0.0,0.0,0.0,6.0,7.71,-4.86,13.46,601.2169546,2316.49,6.41,4.5,0.11,4.34,1,1400.0,120.0,1440.0,1
0.06,0.0,0.0,0.0,0.0,0.0,0.0,0.28,0.04,0.2,0.0,0.26,0.0,0.16,0.0,0.0,0.0,0.0,0.0,0.0,0.0,0.0,0.0,0.0,0.0,6.0,7.71,-4.86,13.46,601.2169546,2316.49,6.41,4.5,0.11,4.34,1,1400.0,120.0,1440.0,1
0.2,0.0,0.2,0.0,0.0,0.0,0.0,0.2,0.0,0.2,0.2,0.0,0.0,0.0,0.0,0.0,0.0,0.0,0.0,0.0,0.0,0.0,0.0,0.0,0.0,5.0,6.57,-13.6,13.38,555.5965658,2140.09,2.11,4.87,0.23,4.8,1,1200.0,120.0,1200.0,2
0.2,0.0,0.2,0.0,0.0,0.0,0.0,0.2,0.0,0.2,0.2,0.0,0.0,0.0,0.0,0.0,0.0,0.0,0.0,0.0,0.0,0.0,0.0,0.0,0.0,5.0,6.57,-13.6,13.38,555.5965658,2140.09,2.11,4.87,0.23,4.8,1,1200.0,120.0,1200.0,2
0.2,0.0,0.2,0.0,0.0,0.0,0.0,0.2,0.0,0.2,0.2,0.0,0.0,0.0,0.0,0.0,0.0,0.0,0.0,0.0,0.0,0.0,0.0,0.0,0.0,5.0,6.57,-13.6,13.38,555.5965658,2140.09,2.11,4.87,0.23,4.8,1,1200.0,120.0,1200.0,2
0.2,0.0,0.2,0.0,0.0,0.0,0.0,0.2,0.0,0.2,0.2,0.0,0.0,0.0,0.0,0.0,0.0,0.0,0.0,0.0,0.0,0.0,0.0,0.0,0.0,5.0,6.57,-13.6,13.38,555.5965658,2140.09,2.11,4.87,0.23,4.8,1,1200.0,120.0,1200.0,2
0.2,0.0,0.2,0.0,0.0,0.0,0.0,0.2,0.0,0.2,0.2,0.0,0.0,0.0,0.0,0.0,0.0,0.0,0.0,0.0,0.0,0.0,0.0,0.0,0.0,5.0,6.57,-13.6,13.38,555.5965658,2140.09,2.11,4.87,0.23,4.8,1,1200.0,120.0,1200.0,2
0.2,0.0,0.0,0.0,0.0,0.0,0.0,0.3,0.0,0.3,0.0,0.1,0.0,0.1,0.0,0.0,0.0,0.0,0.0,0.0,0.0,0.0,0.0,0.0,0.0,5.0,6.85,-15.12,12.51,556.3368171,2135.79,1.77,3.07,0.08,4.2,1,1200.0,120.0,1440.0,1
0.2,0.0,0.0,0.0,0.0,0.0,0.0,0.3,0.0,0.3,0.0,0.1,0.0,0.1,0.0,0.0,0.0,0.0,0.0,0.0,0.0,0.0,0.0,0.0,0.0,5.0,6.85,-15.12,12.51,556.3368171,2135.79,1.77,3.07,0.08,4.2,1,1200.0,120.0,1440.0,1
0.2,0.0,0.0,0.0,0.0,0.0,0.0,0.3,0.0,0.3,0.0,0.1,0.0,0.1,0.0,0.0,0.0,0.0,0.0,0.0,0.0,0.0,0.0,0.0,0.0,5.0,6.85,-15.12,12.51,556.3368171,2135.79,1.77,3.07,0.08,4.2,1,1200.0,120.0,1440.0,1
0.0,0.0,0.0,0.0,0.0,0.0,0.0,0.375,0.0,0.0,0.0,0.3125,0.1875,0.125,0.0,0.0,0.0,0.0,0.0,0.0,0.0,0.0,0.0,0.0,0.0,4.0,8.431908695,2.36,12.84151644,557.1020651,2141.385887,13.13826368,4.915964063,0.118594899,4.3,1,1200.0,120.0,60.0,1
0.0,0.0,0.0,0.0,0.0,0.0,0.0,0.375,0.0,0.0,0.0,0.3125,0.1875,0.125,0.0,0.0,0.0,0.0,0.0,0.0,0.0,0.0,0.0,0.0,0.0,4.0,8.431908695,2.36,12.84151644,557.1020651,2141.385887,13.13826368,4.915964063,0.118594899,4.3,1,1200.0,120.0,60.0,1
0.0,0.0,0.0,0.0,0.0,0.0,0.0,0.375,0.0,0.0,0.0,0.3125,0.1875,0.125,0.0,0.0,0.0,0.0,0.0,0.0,0.0,0.0,0.0,0.0,0.0,4.0,8.431908695,2.36,12.84151644,557.1020651,2141.385887,13.13826368,4.915964063,0.118594899,4.3,1,1200.0,120.0,60.0,1
0.0,0.0,0.0,0.0,0.0,0.0,0.0,0.375,0.0,0.0,0.0,0.3125,0.1875,0.125,0.0,0.0,0.0,0.0,0.0,0.0,0.0,0.0,0.0,0.0,0.0,4.0,8.431908695,2.36,12.84151644,557.1020651,2141.385887,13.13826368,4.915964063,0.118594899,4.3,1,1200.0,120.0,60.0,1
0.0,0.0,0.0,0.0,0.0,0.0,0.0,0.375,0.0,0.0,0.0,0.3125,0.1875,0.125,0.0,0.0,0.0,0.0,0.0,0.0,0.0,0.0,0.0,0.0,0.0,4.0,8.431908695,2.36,12.84151644,557.1020651,2141.385887,13.13826368,4.915964063,0.118594899,4.3,1,1200.0,120.0,60.0,1
0.0,0.0,0.0,0.0,0.0,0.0,0.0,0.375,0.0,0.0,0.0,0.3125,0.1875,0.125,0.0,0.0,0.0,0.0,0.0,0.0,0.0,0.0,0.0,0.0,0.0,4.0,8.431908695,2.36,12.84151644,557.1020651,2141.385887,13.13826368,4.915964063,0.118594899,4.3,1,1200.0,120.0,60.0,1
0.0,0.0,0.0,0.0,0.0,0.0,0.0,0.375,0.0,0.0,0.0,0.3125,0.1875,0.125,0.0,0.0,0.0,0.0,0.0,0.0,0.0,0.0,0.0,0.0,0.0,4.0,8.431908695,2.36,12.84151644,557.1020651,2141.385887,13.13826368,4.915964063,0.118594899,4.3,1,1200.0,120.0,60.0,1
0.0,0.0,0.0,0.0,0.0,0.0,0.0,0.35,0.0,0.05,0.0,0.275,0.275,0.05,0.0,0.0,0.0,0.0,0.0,0.0,0.0,0.0,0.0,0.0,0.0,5.0,8.493765586,0.98,11.44944891,532.6585373,2036.537698,26.98433807,4.495453867,0.114716771,4.1,1,1200.0,120.0,30.0,1
0.0,0.0,0.0,0.0,0.0,0.0,0.0,0.2,0.0,0.2,0.0,0.2,0.2,0.2,0.0,0.0,0.0,0.0,0.0,0.0,0.0,0.0,0.0,0.0,0.0,5.0,9.9,2.72,13.38,655.02398,2523.0,12.41,4.01,0.12,4.4,1,1050.0,120.0,240.0,1
0.0,0.333333333,0.333333333,0.0,0.333333333,0.0,0.0,0.0,0.0,0.0,0.0,0.0,0.0,0.0,0.0,0.0,0.0,0.0,0.0,0.0,0.0,0.0,0.0,0.0,0.0,3.0,8.28,-4.89,9.13,499.23715,1892.0,3.54,1.12,0.11,8.33,1,1000.0,1440.0,30.0,2
0.217391304,0.0,0.217391304,0.217391304,0.130434783,0.217391304,0.0,0.0,0.0,0.0,0.0,0.0,0.0,0.0,0.0,0.0,0.0,0.0,0.0,0.0,0.0,0.0,0.0,0.0,0.0,5.0,6.604060314,-2.684310019,13.24232516,322.4388451,1241.31666,7.471215999,5.75975798,0.123320475,7.391304348,1,1200.0,120.0,240.0,3
0.208333333,0.0,0.208333333,0.208333333,0.166666667,0.208333333,0.0,0.0,0.0,0.0,0.0,0.0,0.0,0.0,0.0,0.0,0.0,0.0,0.0,0.0,0.0,0.0,0.0,0.0,0.0,5.0,6.686598736,-3.402777778,13.35141737,324.5653105,1250.030753,5.976476657,5.693612317,0.123883906,7.5,1,1200.0,120.0,240.0,3
0.2,0.0,0.2,0.2,0.2,0.2,0.0,0.0,0.0,0.0,0.0,0.0,0.0,0.0,0.0,0.0,0.0,0.0,0.0,0.0,0.0,0.0,0.0,0.0,0.0,5.0,6.763408628,-4.0,13.38161053,326.6104126,1258.055769,5.122499809,5.628086233,0.124161186,7.6,1,1200.0,120.0,240.0,3
0.192307692,0.0,0.192307692,0.192307692,0.230769231,0.192307692,0.0,0.0,0.0,0.0,0.0,0.0,0.0,0.0,0.0,0.0,0.0,0.0,0.0,0.0,0.0,0.0,0.0,0.0,0.0,5.0,6.835066367,-4.49704142,13.35788527,328.5648965,1265.470333,4.570274536,5.563457859,0.124213502,7.692307692,1,1200.0,120.0,240.0,3
0.185185185,0.0,0.185185185,0.185185185,0.259259259,0.185185185,0.0,0.0,0.0,0.0,0.0,0.0,0.0,0.0,0.0,0.0,0.0,0.0,0.0,0.0,0.0,0.0,0.0,0.0,0.0,5.0,6.902073515,-4.910836763,13.2962002,330.4270239,1272.341548,4.18445288,5.499922873,0.124087893,7.777777778,1,1200.0,120.0,240.0,3
0.0,0.0,0.0,0.0,0.0,0.0,0.0,0.2,0.4,0.2,0.0,0.2,0.0,0.0,0.0,0.0,0.0,0.0,0.0,0.0,0.0,0.0,0.0,0.0,0.0,4.0,6.655937237,-3.52,11.07635214,519.0767653,1981.8,7.095630755,7.746075475,0.273890489,4.8,1,1200.0,120.0,1400.0,1
0.0,0.2,0.2,0.2,0.2,0.0,0.2,0.0,0.0,0.0,0.0,0.0,0.0,0.0,0.0,0.0,0.0,0.0,0.0,0.0,0.0,0.0,0.0,0.0,0.0,5.0,8.025760676,-4.16,13.38,467.623384,1801.2,5.79,0.92,0.14,8.0,1,1100.0,360.0,60.0,2
0.0,0.2,0.2,0.2,0.2,0.0,0.2,0.0,0.0,0.0,0.0,0.0,0.0,0.0,0.0,0.0,0.0,0.0,0.0,0.0,0.0,0.0,0.0,0.0,0.0,5.0,8.025760676,-4.16,13.38,467.623384,1801.2,5.79,0.92,0.14,8.0,1,1100.0,360.0,60.0,2
0.0,0.0,0.3125,0.3125,0.0,0.0,0.0,0.0,0.3125,0.0,0.0,0.0,0.0,0.03125,0.03125,0.0,0.0,0.0,0.0,0.0,0.0,0.0,0.0,0.0,0.0,5.0,7.904708836,-4.83203125,10.86752061,498.0660943,1900.073304,4.887706188,3.597630783,0.147477488,6.28125,1,1200.0,120.0,1500.0,1
0.0,0.0,0.294117647,0.294117647,0.0,0.0,0.0,0.0,0.294117647,0.0,0.0,0.0,0.0,0.058823529,0.058823529,0.0,0.0,0.0,0.0,0.0,0.0,0.0,0.0,0.0,0.0,5.0,8.666826103,-5.148788927,11.74934157,530.1557462,2029.318885,5.254146899,4.168428293,0.183776229,6.235294118,1,1200.0,120.0,1500.0,1
0.0,0.0,0.263157895,0.263157895,0.0,0.0,0.0,0.0,0.263157895,0.0,0.0,0.0,0.0,0.105263158,0.105263158,0.0,0.0,0.0,0.0,0.0,0.0,0.0,0.0,0.0,0.0,5.0,9.888782982,-5.628808864,12.70370305,578.667977,2223.134223,5.633883519,4.820751784,0.230952502,6.157894737,1,1200.0,120.0,1500.0,3
0.166666667,0.166666667,0.166666667,0.166666667,0.166666667,0.166666667,0.0,0.0,0.0,0.0,0.0,0.0,0.0,0.0,0.0,0.0,0.0,0.0,0.0,0.0,0.0,0.0,0.0,0.0,0.0,6.0,7.07,-4.78,14.9,420.623371,1629.71,5.08,4.82,0.12,7.83,1,1200.0,120.0,300.0,4
0.166666667,0.166666667,0.166666667,0.166666667,0.166666667,0.166666667,0.0,0.0,0.0,0.0,0.0,0.0,0.0,0.0,0.0,0.0,0.0,0.0,0.0,0.0,0.0,0.0,0.0,0.0,0.0,6.0,7.07,-4.78,14.9,420.623371,1629.71,5.08,4.82,0.12,7.83,1,1200.0,120.0,300.0,4
0.166666667,0.166666667,0.166666667,0.166666667,0.166666667,0.166666667,0.0,0.0,0.0,0.0,0.0,0.0,0.0,0.0,0.0,0.0,0.0,0.0,0.0,0.0,0.0,0.0,0.0,0.0,0.0,6.0,7.07,-4.78,14.9,420.623371,1629.71,5.08,4.82,0.12,7.83,1,1200.0,120.0,300.0,4
0.166666667,0.166666667,0.166666667,0.166666667,0.166666667,0.166666667,0.0,0.0,0.0,0.0,0.0,0.0,0.0,0.0,0.0,0.0,0.0,0.0,0.0,0.0,0.0,0.0,0.0,0.0,0.0,6.0,7.07,-4.78,14.9,420.623371,1629.71,5.08,4.82,0.12,7.83,1,1200.0,120.0,300.0,4
0.166666667,0.166666667,0.166666667,0.166666667,0.166666667,0.166666667,0.0,0.0,0.0,0.0,0.0,0.0,0.0,0.0,0.0,0.0,0.0,0.0,0.0,0.0,0.0,0.0,0.0,0.0,0.0,6.0,7.07,-4.78,14.9,420.623371,1629.71,5.08,4.82,0.12,7.83,1,1200.0,120.0,300.0,4
0.166666667,0.166666667,0.166666667,0.166666667,0.166666667,0.166666667,0.0,0.0,0.0,0.0,0.0,0.0,0.0,0.0,0.0,0.0,0.0,0.0,0.0,0.0,0.0,0.0,0.0,0.0,0.0,6.0,7.07,-4.78,14.9,420.623371,1629.71,5.08,4.82,0.12,7.83,1,1200.0,120.0,300.0,4
0.166666667,0.166666667,0.166666667,0.166666667,0.166666667,0.166666667,0.0,0.0,0.0,0.0,0.0,0.0,0.0,0.0,0.0,0.0,0.0,0.0,0.0,0.0,0.0,0.0,0.0,0.0,0.0,6.0,7.07,-4.78,14.9,420.623371,1629.71,5.08,4.82,0.12,7.83,1,1200.0,120.0,300.0,4
0.2,0.2,0.2,0.2,0.2,0.0,0.0,0.0,0.0,0.0,0.0,0.0,0.0,0.0,0.0,0.0,0.0,0.0,0.0,0.0,0.0,0.0,0.0,0.0,0.0,5.0,6.72,-12.32,13.38,437.2111258,1684.09,1.83,5.25,0.12,7.2,1,1100.0,60.0,3000.0,3
0.2,0.2,0.2,0.2,0.2,0.0,0.0,0.0,0.0,0.0,0.0,0.0,0.0,0.0,0.0,0.0,0.0,0.0,0.0,0.0,0.0,0.0,0.0,0.0,0.0,5.0,6.72,-12.32,13.38,437.2111258,1684.09,1.83,5.25,0.12,7.2,1,1200.0,120.0,120.0,1
0.2,0.2,0.2,0.2,0.2,0.0,0.0,0.0,0.0,0.0,0.0,0.0,0.0,0.0,0.0,0.0,0.0,0.0,0.0,0.0,0.0,0.0,0.0,0.0,0.0,5.0,6.72,-12.32,13.38,437.2111258,1684.09,1.83,5.25,0.12,7.2,1,1200.0,120.0,120.0,1
0.2,0.2,0.2,0.2,0.2,0.0,0.0,0.0,0.0,0.0,0.0,0.0,0.0,0.0,0.0,0.0,0.0,0.0,0.0,0.0,0.0,0.0,0.0,0.0,0.0,5.0,6.72,-12.32,13.38,437.2111258,1684.09,1.83,5.25,0.12,7.2,1,1200.0,120.0,120.0,1
0.181818182,0.181818182,0.181818182,0.181818182,0.181818182,0.0,0.0,0.090909091,0.0,0.0,0.0,0.0,0.0,0.0,0.0,0.0,0.0,0.0,0.0,0.0,0.0,0.0,0.0,0.0,0.0,6.0,6.44,-17.92,14.7,441.016415,1707.45,1.4,6.12,0.13,6.91,1,1200.0,120.0,120.0,1
0.181818182,0.181818182,0.181818182,0.181818182,0.181818182,0.0,0.0,0.090909091,0.0,0.0,0.0,0.0,0.0,0.0,0.0,0.0,0.0,0.0,0.0,0.0,0.0,0.0,0.0,0.0,0.0,6.0,6.44,-17.92,14.7,441.016415,1707.45,1.4,6.12,0.13,6.91,1,1200.0,120.0,120.0,1
0.181818182,0.181818182,0.181818182,0.181818182,0.181818182,0.0,0.0,0.090909091,0.0,0.0,0.0,0.0,0.0,0.0,0.0,0.0,0.0,0.0,0.0,0.0,0.0,0.0,0.0,0.0,0.0,6.0,6.44,-17.92,14.7,441.016415,1707.45,1.4,6.12,0.13,6.91,1,1200.0,120.0,120.0,1
0.0,0.25,0.25,0.25,0.25,0.0,0.0,0.0,0.0,0.0,0.0,0.0,0.0,0.0,0.0,0.0,0.0,0.0,0.0,0.0,0.0,0.0,0.0,0.0,0.0,4.0,8.17,-3.75,11.53,489.4027225,1871.75,5.75,1.03,0.1,8.25,1,1100.0,1440.0,0.0,2
0.192307692,0.192307692,0.192307692,0.192307692,0.192307692,0.0,0.0,0.038461538,0.0,0.0,0.0,0.0,0.0,0.0,0.0,0.0,0.0,0.0,0.0,0.0,0.0,0.0,0.0,0.0,0.0,6.0,6.609062303,-14.85207101,14.22238699,355.2780842,1372.966278,1.576325802,6.229766254,0.126774388,7.076923077,1,1200.0,120.0,120.0,1
0.192307692,0.192307692,0.192307692,0.192307692,0.192307692,0.0,0.0,0.038461538,0.0,0.0,0.0,0.0,0.0,0.0,0.0,0.0,0.0,0.0,0.0,0.0,0.0,0.0,0.0,0.0,0.0,6.0,6.609062303,-14.85207101,14.22238699,355.2780842,1372.966278,1.576325802,6.229766254,0.126774388,7.076923077,1,1200.0,120.0,120.0,1
0.192307692,0.192307692,0.192307692,0.192307692,0.192307692,0.0,0.0,0.038461538,0.0,0.0,0.0,0.0,0.0,0.0,0.0,0.0,0.0,0.0,0.0,0.0,0.0,0.0,0.0,0.0,0.0,6.0,6.609062303,-14.85207101,14.22238699,355.2780842,1372.966278,1.576325802,6.229766254,0.126774388,7.076923077,1,1200.0,120.0,120.0,1
0.185185185,0.185185185,0.185185185,0.185185185,0.185185185,0.0,0.0,0.074074074,0.0,0.0,0.0,0.0,0.0,0.0,0.0,0.0,0.0,0.0,0.0,0.0,0.0,0.0,0.0,0.0,0.0,6.0,6.504571222,-16.98216735,14.58583089,356.9526575,1381.385707,1.421065847,6.575134688,0.131697788,6.962962963,1,1200.0,120.0,120.0,1
0.185185185,0.185185185,0.185185185,0.185185185,0.185185185,0.0,0.0,0.074074074,0.0,0.0,0.0,0.0,0.0,0.0,0.0,0.0,0.0,0.0,0.0,0.0,0.0,0.0,0.0,0.0,0.0,6.0,6.504571222,-16.98216735,14.58583089,356.9526575,1381.385707,1.421065847,6.575134688,0.131697788,6.962962963,1,1200.0,120.0,120.0,1
0.185185185,0.185185185,0.185185185,0.185185185,0.185185185,0.0,0.0,0.074074074,0.0,0.0,0.0,0.0,0.0,0.0,0.0,0.0,0.0,0.0,0.0,0.0,0.0,0.0,0.0,0.0,0.0,6.0,6.504571222,-16.98216735,14.58583089,356.9526575,1381.385707,1.421065847,6.575134688,0.131697788,6.962962963,1,1200.0,120.0,120.0,1
0.0,0.333333333,0.333333333,0.0,0.333333333,0.0,0.0,0.0,0.0,0.0,0.0,0.0,0.0,0.0,0.0,0.0,0.0,0.0,0.0,0.0,0.0,0.0,0.0,0.0,0.0,3.0,8.28,-4.89,9.13,499.23715,1892.0,3.54,1.12,0.11,8.33,1,1200.0,1400.0,60.0,2
0.0,0.333333333,0.333333333,0.0,0.333333333,0.0,0.0,0.0,0.0,0.0,0.0,0.0,0.0,0.0,0.0,0.0,0.0,0.0,0.0,0.0,0.0,0.0,0.0,0.0,0.0,3.0,8.28,-4.89,9.13,499.23715,1892.0,3.54,1.12,0.11,8.33,1,1200.0,2880.0,60.0,2
0.0,0.333333333,0.333333333,0.0,0.333333333,0.0,0.0,0.0,0.0,0.0,0.0,0.0,0.0,0.0,0.0,0.0,0.0,0.0,0.0,0.0,0.0,0.0,0.0,0.0,0.0,3.0,8.28,-4.89,9.13,499.23715,1892.0,3.54,1.12,0.11,8.33,1,1200.0,120.0,120.0,2
0.0,0.333333333,0.333333333,0.0,0.333333333,0.0,0.0,0.0,0.0,0.0,0.0,0.0,0.0,0.0,0.0,0.0,0.0,0.0,0.0,0.0,0.0,0.0,0.0,0.0,0.0,3.0,8.28,-4.89,9.13,499.23715,1892.0,3.54,1.12,0.11,8.33,1,1200.0,120.0,60.0,2
0.0,0.333333333,0.333333333,0.0,0.333333333,0.0,0.0,0.0,0.0,0.0,0.0,0.0,0.0,0.0,0.0,0.0,0.0,0.0,0.0,0.0,0.0,0.0,0.0,0.0,0.0,3.0,8.28,-4.89,9.13,499.23715,1892.0,3.54,1.12,0.11,8.33,1,1200.0,120.0,60.0,2
0.0,0.333333333,0.333333333,0.0,0.333333333,0.0,0.0,0.0,0.0,0.0,0.0,0.0,0.0,0.0,0.0,0.0,0.0,0.0,0.0,0.0,0.0,0.0,0.0,0.0,0.0,3.0,8.28,-4.89,9.13,499.23715,1892.0,3.54,1.12,0.11,8.33,1,1200.0,120.0,60.0,2
0.0,0.333333333,0.333333333,0.0,0.333333333,0.0,0.0,0.0,0.0,0.0,0.0,0.0,0.0,0.0,0.0,0.0,0.0,0.0,0.0,0.0,0.0,0.0,0.0,0.0,0.0,3.0,8.28,-4.89,9.13,499.23715,1892.0,3.54,1.12,0.11,8.33,1,1200.0,1440.0,60.0,2
0.0,0.0,0.0,0.0,0.0,0.0,0.0,0.333333333,0.0,0.333333333,0.0,0.333333333,0.0,0.0,0.0,0.0,0.0,0.0,0.0,0.0,0.0,0.0,0.0,0.0,0.0,3.0,9.975229265,3.111111111,9.134370237,626.5960266,2374.666667,7.774115706,1.064065164,0.041096093,4.666666667,1,1400.0,120.0,360.0,1
0.0,0.0,0.0,0.0,0.0,0.0,0.0,0.3,0.0,0.3,0.0,0.3,0.0,0.1,0.0,0.0,0.0,0.0,0.0,0.0,0.0,0.0,0.0,0.0,0.0,4.0,7.491418361,2.64,10.92382327,548.6853236,2093.6,9.793166188,4.991703425,0.109859001,4.4,1,1400.0,120.0,360.0,1
0.0,0.0,0.1,0.0,0.0,0.0,0.0,0.3,0.0,0.3,0.0,0.3,0.0,0.0,0.0,0.0,0.0,0.0,0.0,0.0,0.0,0.0,0.0,0.0,0.0,4.0,6.594663456,-0.96,10.92382327,518.8312471,1979.7,25.6351409,7.023519911,0.121082616,4.5,1,1400.0,120.0,360.0,1
0.2,0.2,0.0,0.2,0.2,0.2,0.0,0.0,0.0,0.0,0.0,0.0,0.0,0.0,0.0,0.0,0.0,0.0,0.0,0.0,0.0,0.0,0.0,0.0,0.0,5.0,7.056892659,-4.973006811,13.38160786,317.6131832,1223.40391,4.026999827,5.612451827,0.111524469,8.197916667,2,1200.0,120.0,600.0,4
0.2,0.2,0.0,0.2,0.2,0.2,0.0,0.0,0.0,0.0,0.0,0.0,0.0,0.0,0.0,0.0,0.0,0.0,0.0,0.0,0.0,0.0,0.0,0.0,0.0,5.0,7.056892659,-4.973006811,13.38160786,317.6131832,1223.40391,4.026999827,5.612451827,0.111524469,8.197916667,2,1200.0,120.0,600.0,4
0.2,0.0,0.0,0.0,0.0,0.0,0.0,0.2,0.2,0.2,0.0,0.2,0.0,0.0,0.0,0.0,0.0,0.0,0.0,0.0,0.0,0.0,0.0,0.0,0.0,5.0,5.76,-17.44,13.38,515.8708658,1987.09,1.52,5.53,0.11,4.2,1,1200.0,120.0,1440.0,1
0.243902439,0.0,0.0,0.0,0.0,0.0,0.0,0.243902439,0.243902439,0.243902439,0.0,0.024390244,0.0,0.0,0.0,0.0,0.0,0.0,0.0,0.0,0.0,0.0,0.0,0.0,0.0,5.0,5.540863957,-16.75193337,12.198543,426.6962822,1636.160469,1.390335392,4.420373774,0.052617394,4.243902439,1,1200.0,120.0,1440.0,3
0.235294118,0.0,0.0,0.0,0.0,0.0,0.0,0.235294118,0.235294118,0.235294118,0.0,0.058823529,0.0,0.0,0.0,0.0,0.0,0.0,0.0,0.0,0.0,0.0,0.0,0.0,0.0,5.0,5.587998462,-17.38408304,12.70837022,428.692442,1647.036543,1.403723246,4.966561777,0.070332871,4.235294118,1,1200.0,120.0,1440.0,3
0.222222222,0.0,0.0,0.0,0.0,0.0,0.0,0.222222222,0.222222222,0.222222222,0.0,0.111111111,0.0,0.0,0.0,0.0,0.0,0.0,0.0,0.0,0.0,0.0,0.0,0.0,0.0,5.0,5.65713141,-18.17283951,13.14594406,432.0973738,1662.916305,1.400519679,5.607337231,0.089083121,4.222222222,1,1200.0,120.0,1440.0,3
0.2,0.0,0.0,0.0,0.0,0.0,0.0,0.2,0.2,0.2,0.0,0.2,0.0,0.0,0.0,0.0,0.0,0.0,0.0,0.0,0.0,0.0,0.0,0.0,0.0,5.0,5.76,-17.44,13.38,515.8708658,1987.09,1.52,5.53,0.11,4.2,1,1200.0,120.0,1440.0,3
0.181818182,0.0,0.0,0.0,0.0,0.0,0.0,0.181818182,0.181818182,0.181818182,0.0,0.272727273,0.0,0.0,0.0,0.0,0.0,0.0,0.0,0.0,0.0,0.0,0.0,0.0,0.0,5.0,5.853909651,-19.30578512,13.2546386,443.5350562,1707.650753,1.359944594,6.72027796,0.121437669,4.181818182,1,1200.0,120.0,1440.0,3
0.0,0.2,0.2,0.2,0.2,0.0,0.2,0.0,0.0,0.0,0.0,0.0,0.0,0.0,0.0,0.0,0.0,0.0,0.0,0.0,0.0,0.0,0.0,0.0,0.0,5.0,8.025760676,-4.16,13.38,467.623384,1801.2,5.79,0.92,0.14,8.0,1,1200.0,2880.0,60.0,2
0.0,0.2,0.2,0.2,0.2,0.0,0.2,0.0,0.0,0.0,0.0,0.0,0.0,0.0,0.0,0.0,0.0,0.0,0.0,0.0,0.0,0.0,0.0,0.0,0.0,5.0,8.025760676,-4.16,13.38,467.623384,1801.2,5.79,0.92,0.14,8.0,1,1200.0,2880.0,60.0,2
0.0,0.0,0.0,0.0,0.0,0.0,0.0,0.2,0.0,0.2,0.0,0.2,0.2,0.2,0.0,0.0,0.0,0.0,0.0,0.0,0.0,0.0,0.0,0.0,0.0,5.0,9.9,2.72,13.38,655.02398,2523.0,12.41,4.01,0.12,4.4,1,1200.0,120.0,120.0,1
0.0,0.0,0.0,0.0,0.0,0.0,0.0,0.25,0.0,0.25,0.0,0.25,0.25,0.0,0.0,0.0,0.0,0.0,0.0,0.0,0.0,0.0,0.0,0.0,0.0,4.0,8.4,2.5,11.53,609.5544375,2331.25,10.75,4.12,0.13,4.25,1,1200.0,120.0,240.0,1
0.0,0.0,0.0,0.0,0.0,0.0,0.0,0.35,0.0,0.05,0.0,0.275,0.275,0.05,0.0,0.0,0.0,0.0,0.0,0.0,0.0,0.0,0.0,0.0,0.0,5.0,8.493765586,-10.245,11.44944891,532.6473123,2036.537698,2.581225116,4.495453867,0.114716771,4.1,1,800.0,30.0,30.0,1
0.098039216,0.0,0.176470588,0.196078431,0.490196078,0.0,0.0,0.0,0.039215686,0.0,0.0,0.0,0.0,0.0,0.0,0.0,0.0,0.0,0.0,0.0,0.0,0.0,0.0,0.0,0.0,5.0,7.428940236,-10.99730873,11.05609168,379.6347552,1449.33988,1.731696954,4.444703117,0.118924761,8.019607843,1,1200.0,1440.0,60.0,3
0.07,0.2,0.2,0.22,0.19,0.0,0.12,0.0,0.0,0.0,0.0,0.0,0.0,0.0,0.0,0.0,0.0,0.0,0.0,0.0,0.0,0.0,0.0,0.0,0.0,6.0,7.544302414,-7.5184,14.40897963,374.8877458,1449.76134,3.301951799,4.345955752,0.130196621,7.71,1,1100.0,120.0,60.0,3
0.0,0.2,0.2,0.2,0.2,0.0,0.2,0.0,0.0,0.0,0.0,0.0,0.0,0.0,0.0,0.0,0.0,0.0,0.0,0.0,0.0,0.0,0.0,0.0,0.0,5.0,8.025760676,-4.16,13.38161053,386.5578337,1488.962298,5.668245305,3.269463577,0.138361844,8.0,1,1200.0,2880.0,60.0,2
0.0,0.2,0.2,0.2,0.2,0.0,0.2,0.0,0.0,0.0,0.0,0.0,0.0,0.0,0.0,0.0,0.0,0.0,0.0,0.0,0.0,0.0,0.0,0.0,0.0,5.0,8.025760676,-4.16,13.38161053,386.5578337,1488.962298,5.668245305,3.269463577,0.138361844,8.0,1,1200.0,2880.0,60.0,2
0.000526039,0.0,0.0,0.0,0.0,0.0,0.0,0.420831142,0.052603893,0.252498685,0.0,0.273540242,0.0,0.0,0.0,0.0,0.0,0.0,0.0,0.0,0.0,0.0,0.0,0.0,0.0,5.0,6.068935026,-6.8576,11.29799536,491.5373168,1878.25911,3.544477681,5.289095698,0.109284766,4.24,1,1200.0,120.0,60.0,3
0.1,0.25,0.08,0.15,0.36,0.0,0.0,0.06,0.0,0.0,0.0,0.0,0.0,0.0,0.0,0.0,0.0,0.0,0.0,0.0,0.0,0.0,0.0,0.0,0.0,6.0,7.388644866,-13.9748,13.30361728,369.6710207,1423.527704,1.615189543,5.655462385,0.122434105,8.07,1,1220.0,1200.0,6000.0,3
0.1,0.25,0.08,0.15,0.36,0.0,0.0,0.06,0.0,0.0,0.0,0.0,0.0,0.0,0.0,0.0,0.0,0.0,0.0,0.0,0.0,0.0,0.0,0.0,0.0,6.0,7.388644866,-13.9748,13.30361728,369.6710207,1423.527704,1.615189543,5.655462385,0.122434105,8.07,1,1220.0,1200.0,6000.0,3
0.065217391,0.217391304,0.217391304,0.217391304,0.217391304,0.065217391,0.0,0.0,0.0,0.0,0.0,0.0,0.0,0.0,0.0,0.0,0.0,0.0,0.0,0.0,0.0,0.0,0.0,0.0,0.0,6.0,7.732722037,-4.383742911,13.99403985,375.9031663,1451.347104,5.505040255,3.647211565,0.106545916,8.086956522,1,1100.0,360.0,300.0,2
0.0,0.2,0.2,0.2,0.2,0.0,0.2,0.0,0.0,0.0,0.0,0.0,0.0,0.0,0.0,0.0,0.0,0.0,0.0,0.0,0.0,0.0,0.0,0.0,0.0,5.0,8.03,-4.16,13.38,467.623384,1801.2,5.79,0.92,0.14,8.0,1,1200.0,2880.0,120.0,2
0.0,0.2,0.2,0.2,0.2,0.0,0.2,0.0,0.0,0.0,0.0,0.0,0.0,0.0,0.0,0.0,0.0,0.0,0.0,0.0,0.0,0.0,0.0,0.0,0.0,5.0,8.03,-4.16,13.38,467.623384,1801.2,5.79,0.92,0.14,8.0,1,1200.0,2880.0,120.0,2
0.0,0.2,0.2,0.2,0.2,0.0,0.2,0.0,0.0,0.0,0.0,0.0,0.0,0.0,0.0,0.0,0.0,0.0,0.0,0.0,0.0,0.0,0.0,0.0,0.0,5.0,8.03,-4.16,13.38,467.623384,1801.2,5.79,0.92,0.14,8.0,1,1200.0,2880.0,120.0,2
0.0,0.2,0.2,0.2,0.2,0.0,0.2,0.0,0.0,0.0,0.0,0.0,0.0,0.0,0.0,0.0,0.0,0.0,0.0,0.0,0.0,0.0,0.0,0.0,0.0,5.0,8.03,-4.16,13.38,467.623384,1801.2,5.79,0.92,0.14,8.0,1,1200.0,2880.0,120.0,2
0.0,0.2,0.26,0.2,0.14,0.0,0.2,0.0,0.0,0.0,0.0,0.0,0.0,0.0,0.0,0.0,0.0,0.0,0.0,0.0,0.0,0.0,0.0,0.0,0.0,5.0,7.924909869,-3.7232,13.22962036,391.7481361,1508.06978,6.329195708,3.262141651,0.135458481,7.76,1,1200.0,120.0,480.0,2
0.111111111,0.222222222,0.222222222,0.222222222,0.222222222,0.0,0.0,0.0,0.0,0.0,0.0,0.0,0.0,0.0,0.0,0.0,0.0,0.0,0.0,0.0,0.0,0.0,0.0,0.0,0.0,5.0,7.33,-9.09,13.15,459.275785,1767.5,2.56,4.22,0.11,7.67,1,1200.0,120.0,10.0,4
0.111111111,0.222222222,0.222222222,0.222222222,0.222222222,0.0,0.0,0.0,0.0,0.0,0.0,0.0,0.0,0.0,0.0,0.0,0.0,0.0,0.0,0.0,0.0,0.0,0.0,0.0,0.0,5.0,7.33,-9.09,13.15,459.275785,1767.5,2.56,4.22,0.11,7.67,1,1200.0,120.0,10.0,4
0.111111111,0.222222222,0.222222222,0.222222222,0.222222222,0.0,0.0,0.0,0.0,0.0,0.0,0.0,0.0,0.0,0.0,0.0,0.0,0.0,0.0,0.0,0.0,0.0,0.0,0.0,0.0,5.0,7.33,-9.09,13.15,459.275785,1767.5,2.56,4.22,0.11,7.67,1,1200.0,120.0,10.0,4
0.165289256,0.165289256,0.165289256,0.165289256,0.330578512,0.0,0.0,0.0,0.0,0.0,0.008264463,0.0,0.0,0.0,0.0,0.0,0.0,0.0,0.0,0.0,0.0,0.0,0.0,0.0,0.0,6.0,7.083622569,-11.94453931,13.2671945,361.0007326,1389.938697,1.847247569,5.422491548,0.124400344,7.652892562,1,1250.0,120.0,0.0,3
0.0,0.2,0.2,0.2,0.2,0.0,0.2,0.0,0.0,0.0,0.0,0.0,0.0,0.0,0.0,0.0,0.0,0.0,0.0,0.0,0.0,0.0,0.0,0.0,0.0,5.0,8.025760676,-4.16,13.38161053,386.5578337,1488.962298,5.668245305,3.269463577,0.138361844,8.0,1,1200.0,600.0,60.0,2
0.0,0.238095238,0.238095238,0.238095238,0.238095238,0.0,0.0,0.0,0.0,0.0,0.047619048,0.0,0.0,0.0,0.0,0.0,0.0,0.0,0.0,0.0,0.0,0.0,0.0,0.0,0.0,5.0,8.31,-4.04,12.57,500.1569836,1920.52,5.98,2.51,0.12,8.14,1,1200.0,60.0,72.0,2
0.0,0.238095238,0.238095238,0.238095238,0.238095238,0.0,0.0,0.0,0.0,0.0,0.047619048,0.0,0.0,0.0,0.0,0.0,0.0,0.0,0.0,0.0,0.0,0.0,0.0,0.0,0.0,5.0,8.31,-4.04,12.57,500.1569836,1920.52,5.98,2.51,0.12,8.14,1,1200.0,60.0,72.0,2
0.0,0.238095238,0.238095238,0.238095238,0.238095238,0.0,0.0,0.0,0.0,0.0,0.047619048,0.0,0.0,0.0,0.0,0.0,0.0,0.0,0.0,0.0,0.0,0.0,0.0,0.0,0.0,5.0,8.31,-4.04,12.57,500.1569836,1920.52,5.98,2.51,0.12,8.14,1,1200.0,60.0,72.0,2
0.0,0.238095238,0.238095238,0.238095238,0.238095238,0.0,0.0,0.0,0.0,0.0,0.047619048,0.0,0.0,0.0,0.0,0.0,0.0,0.0,0.0,0.0,0.0,0.0,0.0,0.0,0.0,5.0,8.31,-4.04,12.57,500.1569836,1920.52,5.98,2.51,0.12,8.14,1,1200.0,60.0,72.0,3
0.0,0.238095238,0.238095238,0.238095238,0.238095238,0.0,0.0,0.0,0.0,0.0,0.047619048,0.0,0.0,0.0,0.0,0.0,0.0,0.0,0.0,0.0,0.0,0.0,0.0,0.0,0.0,5.0,8.31,-4.04,12.57,500.1569836,1920.52,5.98,2.51,0.12,8.14,1,1200.0,60.0,72.0,3
0.0,0.05,0.0,0.0,0.4,0.05,0.0,0.4,0.0,0.0,0.0,0.1,0.0,0.0,0.0,0.0,0.0,0.0,0.0,0.0,0.0,0.0,0.0,0.0,0.0,5.0,6.471585556,-34.1,10.50003754,404.8157454,1542.285346,0.559007017,9.260965256,0.212569988,7.0,1,900.0,1440.0,720.0,3
0.0,0.1,0.0,0.0,0.3,0.1,0.0,0.3,0.0,0.0,0.0,0.2,0.0,0.0,0.0,0.0,0.0,0.0,0.0,0.0,0.0,0.0,0.0,0.0,0.0,5.0,6.705104011,-33.2,12.51150515,402.3982511,1544.910655,0.685140821,10.20926813,0.23471046,7.0,1,900.0,1440.0,720.0,3
0.0,0.166666667,0.0,0.0,0.166666667,0.166666667,0.0,0.25,0.0,0.0,0.0,0.25,0.0,0.0,0.0,0.0,0.0,0.0,0.0,0.0,0.0,0.0,0.0,0.0,0.0,5.0,6.821779186,-29.7219997,13.21207256,396.1143429,1524.874804,0.799260966,10.47752111,0.242639159,7.00029997,1,900.0,1440.0,720.0,3
0.0,0.142857143,0.0,0.0,0.285714286,0.095238095,0.0,0.285714286,0.0,0.0,0.0,0.095238095,0.095238095,0.0,0.0,0.0,0.0,0.0,0.0,0.0,0.0,0.0,0.0,0.0,0.0,6.0,7.691658339,-31.88,13.66413435,421.4026651,1625.053072,0.81359165,9.961332928,0.239298976,7.0,1,900.0,1440.0,720.0,3
0.0,0.15,0.0,0.0,0.2,0.15,0.0,0.2,0.0,0.0,0.0,0.15,0.15,0.0,0.0,0.0,0.0,0.0,0.0,0.0,0.0,0.0,0.0,0.0,0.0,6.0,8.349606817,-30.38,14.81676354,427.4553954,1655.745668,0.940750198,10.61019434,0.258810259,7.0,1,900.0,1440.0,720.0,3
0.0,0.166666667,0.0,0.0,0.166666667,0.166666667,0.0,0.166666667,0.0,0.0,0.0,0.166666667,0.166666667,0.0,0.0,0.0,0.0,0.0,0.0,0.0,0.0,0.0,0.0,0.0,0.0,6.0,8.5,-23.52,13.38,503.678223,1940.15,1.1,10.21,0.26,6.4,1,900.0,1440.0,720.0,3
0.0,0.776355217,0.161263961,0.0,0.0,0.0,0.013620267,0.0,0.0,0.0,0.016889131,0.0,0.0,0.0,0.0,0.027240534,0.0,0.0,0.003541269,0.0,0.001089621,0.0,0.0,0.0,0.0,7.0,8.416976063,-8.898629818,6.184287693,414.6795094,1554.212848,1.269963781,6.628898048,0.155123334,8.280032689,1,1200.0,120.0,15.0,2
0.0,0.2,0.2,0.2,0.2,0.0,0.2,0.0,0.0,0.0,0.0,0.0,0.0,0.0,0.0,0.0,0.0,0.0,0.0,0.0,0.0,0.0,0.0,0.0,0.0,5.0,8.03,-4.16,13.38,467.623384,1801.2,5.79,0.92,0.14,8.0,1,1200.0,120.0,480.0,2
0.0,0.2,0.2,0.2,0.2,0.0,0.2,0.0,0.0,0.0,0.0,0.0,0.0,0.0,0.0,0.0,0.0,0.0,0.0,0.0,0.0,0.0,0.0,0.0,0.0,5.0,8.03,-4.16,13.38,467.623384,1801.2,5.79,0.92,0.14,8.0,1,1200.0,120.0,480.0,2
0.2,0.0,0.2,0.2,0.2,0.0,0.2,0.0,0.0,0.0,0.0,0.0,0.0,0.0,0.0,0.0,0.0,0.0,0.0,0.0,0.0,0.0,0.0,0.0,0.0,5.0,6.485415758,-12.48,13.38161053,339.8650041,1309.142564,1.696604393,5.827707431,0.136,6.8,1,1200.0,120.0,240.0,4
0.2,0.0,0.2,0.2,0.2,0.0,0.2,0.0,0.0,0.0,0.0,0.0,0.0,0.0,0.0,0.0,0.0,0.0,0.0,0.0,0.0,0.0,0.0,0.0,0.0,5.0,6.485415758,-12.48,13.38161053,339.8650041,1309.142564,1.696604393,5.827707431,0.136,6.8,1,1200.0,120.0,240.0,4
0.2,0.0,0.2,0.2,0.2,0.0,0.2,0.0,0.0,0.0,0.0,0.0,0.0,0.0,0.0,0.0,0.0,0.0,0.0,0.0,0.0,0.0,0.0,0.0,0.0,5.0,6.485415758,-12.48,13.38161053,339.8650041,1309.142564,1.696604393,5.827707431,0.136,6.8,1,1200.0,120.0,240.0,3
0.2,0.0,0.2,0.2,0.2,0.0,0.2,0.0,0.0,0.0,0.0,0.0,0.0,0.0,0.0,0.0,0.0,0.0,0.0,0.0,0.0,0.0,0.0,0.0,0.0,5.0,6.485415758,-12.48,13.38161053,339.8650041,1309.142564,1.696604393,5.827707431,0.136,6.8,1,1200.0,120.0,240.0,3
0.111111111,0.222222222,0.222222222,0.222222222,0.222222222,0.0,0.0,0.0,0.0,0.0,0.0,0.0,0.0,0.0,0.0,0.0,0.0,0.0,0.0,0.0,0.0,0.0,0.0,0.0,0.0,5.0,7.33,-9.09,13.15,459.275785,1767.5,2.56,4.22,0.11,7.67,1,1200.0,120.0,30.0,4
0.111111111,0.222222222,0.222222222,0.222222222,0.222222222,0.0,0.0,0.0,0.0,0.0,0.0,0.0,0.0,0.0,0.0,0.0,0.0,0.0,0.0,0.0,0.0,0.0,0.0,0.0,0.0,5.0,7.33,-9.09,13.15,459.275785,1767.5,2.56,4.22,0.11,7.67,1,1200.0,120.0,60.0,4
0.111111111,0.222222222,0.222222222,0.222222222,0.222222222,0.0,0.0,0.0,0.0,0.0,0.0,0.0,0.0,0.0,0.0,0.0,0.0,0.0,0.0,0.0,0.0,0.0,0.0,0.0,0.0,5.0,7.33,-9.09,13.15,459.275785,1767.5,2.56,4.22,0.11,7.67,1,1200.0,120.0,120.0,3
0.111111111,0.222222222,0.222222222,0.222222222,0.222222222,0.0,0.0,0.0,0.0,0.0,0.0,0.0,0.0,0.0,0.0,0.0,0.0,0.0,0.0,0.0,0.0,0.0,0.0,0.0,0.0,5.0,7.33,-9.09,13.15,459.275785,1767.5,2.56,4.22,0.11,7.67,1,1200.0,120.0,240.0,3
0.111111111,0.222222222,0.222222222,0.222222222,0.222222222,0.0,0.0,0.0,0.0,0.0,0.0,0.0,0.0,0.0,0.0,0.0,0.0,0.0,0.0,0.0,0.0,0.0,0.0,0.0,0.0,5.0,7.33,-9.09,13.15,459.275785,1767.5,2.56,4.22,0.11,7.67,1,1200.0,120.0,480.0,3
0.090909091,0.181818182,0.181818182,0.181818182,0.181818182,0.0,0.181818182,0.0,0.0,0.0,0.0,0.0,0.0,0.0,0.0,0.0,0.0,0.0,0.0,0.0,0.0,0.0,0.0,0.0,0.0,6.0,7.600796932,-2.650887574,16.00634718,348.1272116,1354.62436,9.828678437,4.425912803,0.13887545,8.076923077,1,1200.0,360.0,15.0,4
0.090909091,0.181818182,0.181818182,0.181818182,0.181818182,0.0,0.181818182,0.0,0.0,0.0,0.0,0.0,0.0,0.0,0.0,0.0,0.0,0.0,0.0,0.0,0.0,0.0,0.0,0.0,0.0,6.0,7.600796932,-2.650887574,16.00634718,348.1272116,1354.62436,9.828678437,4.425912803,0.13887545,8.076923077,1,1200.0,360.0,10.0,3
0.090909091,0.181818182,0.181818182,0.181818182,0.181818182,0.0,0.181818182,0.0,0.0,0.0,0.0,0.0,0.0,0.0,0.0,0.0,0.0,0.0,0.0,0.0,0.0,0.0,0.0,0.0,0.0,6.0,7.600796932,-2.650887574,16.00634718,348.1272116,1354.62436,9.828678437,4.425912803,0.13887545,8.076923077,1,1200.0,360.0,5.0,2
0.0,0.1996,0.1996,0.1996,0.1996,0.0,0.1996,0.0,0.0,0.0,0.0,0.0,0.0,0.0,0.0,0.002,0.0,0.0,0.0,0.0,0.0,0.0,0.0,0.0,0.0,6.0,8.016986146,-4.55535104,13.47480184,386.5139567,1489.329417,5.213442537,3.704961557,0.142592305,7.992,1,1200.0,180.0,3.0,2
0.0,0.1996,0.1996,0.1996,0.1996,0.0,0.1996,0.0,0.0,0.0,0.0,0.0,0.0,0.0,0.0,0.002,0.0,0.0,0.0,0.0,0.0,0.0,0.0,0.0,0.0,6.0,8.016986146,-4.55535104,13.47480184,386.5139567,1489.329417,5.213442537,3.704961557,0.142592305,7.992,1,1200.0,180.0,3.0,2
0.0,0.199002991,0.199002991,0.199002991,0.199002991,0.0,0.199002991,0.0,0.0,0.0,0.0,0.0,0.0,0.0,0.0,0.004985045,0.0,0.0,0.0,0.0,0.0,0.0,0.0,0.0,0.0,6.0,8.003874311,-5.142411887,13.57597572,386.5054827,1489.879845,4.65440165,4.272583477,0.148651873,7.980059821,1,1200.0,180.0,3.0,2
0.0,0.199002991,0.199002991,0.199002991,0.199002991,0.0,0.199002991,0.0,0.0,0.0,0.0,0.0,0.0,0.0,0.0,0.004985045,0.0,0.0,0.0,0.0,0.0,0.0,0.0,0.0,0.0,6.0,8.003874311,-5.142411887,13.57597572,386.5054827,1489.879845,4.65440165,4.272583477,0.148651873,7.980059821,1,1200.0,120.0,3.0,3
0.0,0.198409543,0.198409543,0.198409543,0.198409543,0.0,0.198409543,0.0,0.0,0.0,0.0,0.0,0.0,0.0,0.0,0.007952286,0.0,0.0,0.0,0.0,0.0,0.0,0.0,0.0,0.0,6.0,7.990822066,-5.72239944,13.66069023,386.5213578,1490.429972,4.210073056,4.769705563,0.154404701,7.968190855,1,1200.0,180.0,3.0,3
0.0,0.198409543,0.198409543,0.198409543,0.198409543,0.0,0.198409543,0.0,0.0,0.0,0.0,0.0,0.0,0.0,0.0,0.007952286,0.0,0.0,0.0,0.0,0.0,0.0,0.0,0.0,0.0,6.0,7.990822066,-5.72239944,13.66069023,386.5213578,1490.429972,4.210073056,4.769705563,0.154404701,7.968190855,1,1200.0,120.0,3.0,3
0.024390244,0.243902439,0.243902439,0.243902439,0.243902439,0.0,0.0,0.0,0.0,0.0,0.0,0.0,0.0,0.0,0.0,0.0,0.0,0.0,0.0,0.0,0.0,0.0,0.0,0.0,0.0,5.0,7.99,-5.04,12.2,401.2921017,1538.71,4.38,2.3,0.1,8.12,1,1200.0,120.0,60.0,2
0.024390244,0.243902439,0.243902439,0.243902439,0.243902439,0.0,0.0,0.0,0.0,0.0,0.0,0.0,0.0,0.0,0.0,0.0,0.0,0.0,0.0,0.0,0.0,0.0,0.0,0.0,0.0,5.0,7.99,-5.04,12.2,401.2921017,1538.71,4.38,2.3,0.1,8.12,1,1200.0,120.0,60.0,2
0.024390244,0.243902439,0.243902439,0.243902439,0.243902439,0.0,0.0,0.0,0.0,0.0,0.0,0.0,0.0,0.0,0.0,0.0,0.0,0.0,0.0,0.0,0.0,0.0,0.0,0.0,0.0,5.0,7.99,-5.04,12.2,401.2921017,1538.71,4.38,2.3,0.1,8.12,1,1200.0,120.0,60.0,2
0.0,0.2,0.2,0.2,0.2,0.0,0.2,0.0,0.0,0.0,0.0,0.0,0.0,0.0,0.0,0.0,0.0,0.0,0.0,0.0,0.0,0.0,0.0,0.0,0.0,5.0,8.03,-4.16,13.38,467.623384,1801.2,5.79,0.92,0.14,8.0,1,1000.0,120.0,60.0,3
0.0,0.2,0.2,0.2,0.2,0.0,0.2,0.0,0.0,0.0,0.0,0.0,0.0,0.0,0.0,0.0,0.0,0.0,0.0,0.0,0.0,0.0,0.0,0.0,0.0,5.0,8.03,-4.16,13.38,467.623384,1801.2,5.79,0.92,0.14,8.0,1,1000.0,120.0,60.0,3
0.0,0.2,0.2,0.2,0.2,0.0,0.2,0.0,0.0,0.0,0.0,0.0,0.0,0.0,0.0,0.0,0.0,0.0,0.0,0.0,0.0,0.0,0.0,0.0,0.0,5.0,8.03,-4.16,13.38,467.623384,1801.2,5.79,0.92,0.14,8.0,1,1000.0,120.0,60.0,2
0.0,0.2,0.2,0.2,0.2,0.0,0.2,0.0,0.0,0.0,0.0,0.0,0.0,0.0,0.0,0.0,0.0,0.0,0.0,0.0,0.0,0.0,0.0,0.0,0.0,5.0,8.03,-4.16,13.38,467.623384,1801.2,5.79,0.92,0.14,8.0,1,1000.0,120.0,60.0,2
0.0,0.2,0.2,0.2,0.2,0.0,0.2,0.0,0.0,0.0,0.0,0.0,0.0,0.0,0.0,0.0,0.0,0.0,0.0,0.0,0.0,0.0,0.0,0.0,0.0,5.0,8.03,-4.16,13.38,467.623384,1801.2,5.79,0.92,0.14,8.0,1,1000.0,120.0,60.0,2
0.0,0.2,0.2,0.2,0.2,0.0,0.2,0.0,0.0,0.0,0.0,0.0,0.0,0.0,0.0,0.0,0.0,0.0,0.0,0.0,0.0,0.0,0.0,0.0,0.0,5.0,8.03,-4.16,13.38,467.623384,1801.2,5.79,0.92,0.14,8.0,1,1000.0,120.0,60.0,2
0.163934426,0.163934426,0.163934426,0.163934426,0.344262295,0.0,0.0,0.0,0.0,0.0,0.0,0.0,0.0,0.0,0.0,0.0,0.0,0.0,0.0,0.0,0.0,0.0,0.0,0.0,0.0,5.0,7.08,-11.94,12.91,359.2352497,1381.25,1.79,5.38,0.12,7.7,1,1200.0,120.0,20.0,4
0.163934426,0.163934426,0.163934426,0.163934426,0.344262295,0.0,0.0,0.0,0.0,0.0,0.0,0.0,0.0,0.0,0.0,0.0,0.0,0.0,0.0,0.0,0.0,0.0,0.0,0.0,0.0,5.0,7.08,-11.94,12.91,359.2352497,1381.25,1.79,5.38,0.12,7.7,1,1200.0,120.0,60.0,4
0.163934426,0.163934426,0.163934426,0.163934426,0.344262295,0.0,0.0,0.0,0.0,0.0,0.0,0.0,0.0,0.0,0.0,0.0,0.0,0.0,0.0,0.0,0.0,0.0,0.0,0.0,0.0,5.0,7.08,-11.94,12.91,359.2352497,1381.25,1.79,5.38,0.12,7.7,1,1200.0,120.0,60.0,4
0.163934426,0.163934426,0.163934426,0.163934426,0.344262295,0.0,0.0,0.0,0.0,0.0,0.0,0.0,0.0,0.0,0.0,0.0,0.0,0.0,0.0,0.0,0.0,0.0,0.0,0.0,0.0,5.0,7.08,-11.94,12.91,359.2352497,1381.25,1.79,5.38,0.12,7.7,1,1200.0,120.0,60.0,4
0.163934426,0.163934426,0.163934426,0.163934426,0.344262295,0.0,0.0,0.0,0.0,0.0,0.0,0.0,0.0,0.0,0.0,0.0,0.0,0.0,0.0,0.0,0.0,0.0,0.0,0.0,0.0,5.0,7.08,-11.94,12.91,359.2352497,1381.25,1.79,5.38,0.12,7.7,1,1200.0,120.0,20.0,4
0.163934426,0.163934426,0.163934426,0.163934426,0.344262295,0.0,0.0,0.0,0.0,0.0,0.0,0.0,0.0,0.0,0.0,0.0,0.0,0.0,0.0,0.0,0.0,0.0,0.0,0.0,0.0,5.0,7.08,-11.94,12.91,359.2352497,1381.25,1.79,5.38,0.12,7.7,1,1200.0,120.0,60.0,4
0.163934426,0.163934426,0.163934426,0.163934426,0.344262295,0.0,0.0,0.0,0.0,0.0,0.0,0.0,0.0,0.0,0.0,0.0,0.0,0.0,0.0,0.0,0.0,0.0,0.0,0.0,0.0,5.0,7.08,-11.94,12.91,359.2352497,1381.25,1.79,5.38,0.12,7.7,1,1200.0,120.0,60.0,4
0.163934426,0.163934426,0.163934426,0.163934426,0.344262295,0.0,0.0,0.0,0.0,0.0,0.0,0.0,0.0,0.0,0.0,0.0,0.0,0.0,0.0,0.0,0.0,0.0,0.0,0.0,0.0,5.0,7.08,-11.94,12.91,359.2352497,1381.25,1.79,5.38,0.12,7.7,1,1200.0,120.0,60.0,4
0.163934426,0.163934426,0.163934426,0.163934426,0.344262295,0.0,0.0,0.0,0.0,0.0,0.0,0.0,0.0,0.0,0.0,0.0,0.0,0.0,0.0,0.0,0.0,0.0,0.0,0.0,0.0,5.0,7.08,-11.94,12.91,359.2352497,1381.25,1.79,5.38,0.12,7.7,1,1200.0,120.0,20.0,4
0.163934426,0.163934426,0.163934426,0.163934426,0.344262295,0.0,0.0,0.0,0.0,0.0,0.0,0.0,0.0,0.0,0.0,0.0,0.0,0.0,0.0,0.0,0.0,0.0,0.0,0.0,0.0,5.0,7.08,-11.94,12.91,359.2352497,1381.25,1.79,5.38,0.12,7.7,1,1200.0,120.0,60.0,4
0.163934426,0.163934426,0.163934426,0.163934426,0.344262295,0.0,0.0,0.0,0.0,0.0,0.0,0.0,0.0,0.0,0.0,0.0,0.0,0.0,0.0,0.0,0.0,0.0,0.0,0.0,0.0,5.0,7.08,-11.94,12.91,359.2352497,1381.25,1.79,5.38,0.12,7.7,1,1200.0,120.0,60.0,4
0.163934426,0.163934426,0.163934426,0.163934426,0.344262295,0.0,0.0,0.0,0.0,0.0,0.0,0.0,0.0,0.0,0.0,0.0,0.0,0.0,0.0,0.0,0.0,0.0,0.0,0.0,0.0,5.0,7.08,-11.94,12.91,359.2352497,1381.25,1.79,5.38,0.12,7.7,1,1200.0,120.0,60.0,4
0.0,0.1,0.1,0.45,0.25,0.0,0.0,0.0,0.1,0.0,0.0,0.0,0.0,0.0,0.0,0.0,0.0,0.0,0.0,0.0,0.0,0.0,0.0,0.0,0.0,5.0,7.929630605,-5.82,11.61262282,407.5763649,1559.303243,3.656286656,1.739286365,0.092714616,8.1,1,1100.0,360.0,10.0,2
0.0,0.2,0.1,0.45,0.15,0.0,0.0,0.0,0.1,0.0,0.0,0.0,0.0,0.0,0.0,0.0,0.0,0.0,0.0,0.0,0.0,0.0,0.0,0.0,0.0,5.0,7.930000747,-5.36,11.85892612,408.475666,1564.215923,4.065146781,1.732527204,0.090138782,8.0,1,1100.0,360.0,10.0,2
0.0,0.3,0.1,0.45,0.05,0.0,0.0,0.0,0.1,0.0,0.0,0.0,0.0,0.0,0.0,0.0,0.0,0.0,0.0,0.0,0.0,0.0,0.0,0.0,0.0,5.0,7.930370606,-4.9,11.06508518,411.0116893,1569.155413,4.160258434,1.724828537,0.087384209,7.9,1,1100.0,360.0,10.0,3
0.0,0.35,0.1,0.45,0.0,0.0,0.0,0.0,0.1,0.0,0.0,0.0,0.0,0.0,0.0,0.0,0.0,0.0,0.0,0.0,0.0,0.0,0.0,0.0,0.0,4.0,7.93055543,-4.67,9.87162138,418.0273851,1588.7,3.935648451,1.720623695,0.085934568,7.85,1,1100.0,360.0,10.0,3
0.090909091,0.181818182,0.181818182,0.181818182,0.181818182,0.0,0.181818182,0.0,0.0,0.0,0.0,0.0,0.0,0.0,0.0,0.0,0.0,0.0,0.0,0.0,0.0,0.0,0.0,0.0,0.0,6.0,7.600796932,-2.650887574,16.00634718,348.1272116,1354.62436,9.828678437,4.425912803,0.13887545,8.076923077,1,1200.0,360.0,360.0,4
0.0,0.34,0.2,0.06,0.34,0.0,0.0,0.0,0.0,0.0,0.06,0.0,0.0,0.0,0.0,0.0,0.0,0.0,0.0,0.0,0.0,0.0,0.0,0.0,0.0,5.0,8.587067955,-4.2928,11.58277271,419.0245945,1602.912293,5.061964947,2.18471415,0.120166551,8.5,1,1200.0,2880.0,60.0,2
0.0,0.34,0.2,0.06,0.34,0.0,0.0,0.0,0.0,0.0,0.06,0.0,0.0,0.0,0.0,0.0,0.0,0.0,0.0,0.0,0.0,0.0,0.0,0.0,0.0,5.0,8.587067955,-4.2928,11.58277271,419.0245945,1602.912293,5.061964947,2.18471415,0.120166551,8.5,1,1200.0,2880.0,300.0,2
0.0,0.34,0.2,0.06,0.34,0.0,0.0,0.0,0.0,0.0,0.06,0.0,0.0,0.0,0.0,0.0,0.0,0.0,0.0,0.0,0.0,0.0,0.0,0.0,0.0,5.0,8.587067955,-4.2928,11.58277271,419.0245945,1602.912293,5.061964947,2.18471415,0.120166551,8.5,1,1200.0,2880.0,600.0,2
0.0,0.34,0.2,0.06,0.34,0.0,0.0,0.0,0.0,0.0,0.06,0.0,0.0,0.0,0.0,0.0,0.0,0.0,0.0,0.0,0.0,0.0,0.0,0.0,0.0,5.0,8.587067955,-4.2928,11.58277271,419.0245945,1602.912293,5.061964947,2.18471415,0.120166551,8.5,1,1200.0,2880.0,30.0,2
0.0,0.34,0.2,0.06,0.34,0.0,0.0,0.0,0.0,0.0,0.06,0.0,0.0,0.0,0.0,0.0,0.0,0.0,0.0,0.0,0.0,0.0,0.0,0.0,0.0,5.0,8.587067955,-4.2928,11.58277271,419.0245945,1602.912293,5.061964947,2.18471415,0.120166551,8.5,1,1200.0,2880.0,60.0,2
0.0,0.2,0.2,0.2,0.2,0.0,0.2,0.0,0.0,0.0,0.0,0.0,0.0,0.0,0.0,0.0,0.0,0.0,0.0,0.0,0.0,0.0,0.0,0.0,0.0,5.0,8.03,-4.16,13.38,467.623384,1801.2,5.79,0.92,0.14,8.0,1,1200.0,3600.0,600.0,2
0.0,0.333333333,0.333333333,0.0,0.333333333,0.0,0.0,0.0,0.0,0.0,0.0,0.0,0.0,0.0,0.0,0.0,0.0,0.0,0.0,0.0,0.0,0.0,0.0,0.0,0.0,3.0,8.28,-4.89,9.13,499.23715,1892.0,3.54,1.12,0.11,8.33,1,1100.0,360.0,60.0,2
0.0,0.1,0.15,0.35,0.25,0.0,0.05,0.0,0.1,0.0,0.0,0.0,0.0,0.0,0.0,0.0,0.0,0.0,0.0,0.0,0.0,0.0,0.0,0.0,0.0,6.0,7.871764882,-6.26,13.37699643,403.4622915,1554.05548,3.904556099,2.403624139,0.113643082,7.95,1,1100.0,360.0,60.0,2
0.0,0.1,0.15,0.35,0.25,0.0,0.05,0.0,0.1,0.0,0.0,0.0,0.0,0.0,0.0,0.0,0.0,0.0,0.0,0.0,0.0,0.0,0.0,0.0,0.0,6.0,7.871764882,-6.26,13.37699643,403.4622915,1554.05548,3.904556099,2.403624139,0.113643082,7.95,1,1100.0,360.0,60.0,3
0.0,0.1,0.15,0.35,0.25,0.0,0.05,0.0,0.1,0.0,0.0,0.0,0.0,0.0,0.0,0.0,0.0,0.0,0.0,0.0,0.0,0.0,0.0,0.0,0.0,6.0,7.871764882,-6.26,13.37699643,403.4622915,1554.05548,3.904556099,2.403624139,0.113643082,7.95,1,1100.0,360.0,60.0,3
0.0,0.1,0.15,0.35,0.25,0.0,0.05,0.0,0.1,0.0,0.0,0.0,0.0,0.0,0.0,0.0,0.0,0.0,0.0,0.0,0.0,0.0,0.0,0.0,0.0,6.0,7.871764882,-6.26,13.37699643,403.4622915,1554.05548,3.904556099,2.403624139,0.113643082,7.95,1,1100.0,360.0,10.0,3
0.0,0.1,0.15,0.35,0.25,0.0,0.05,0.0,0.1,0.0,0.0,0.0,0.0,0.0,0.0,0.0,0.0,0.0,0.0,0.0,0.0,0.0,0.0,0.0,0.0,6.0,7.871764882,-6.26,13.37699643,403.4622915,1554.05548,3.904556099,2.403624139,0.113643082,7.95,1,1100.0,360.0,2.0,3
0.0,0.1,0.15,0.35,0.25,0.0,0.05,0.0,0.1,0.0,0.0,0.0,0.0,0.0,0.0,0.0,0.0,0.0,0.0,0.0,0.0,0.0,0.0,0.0,0.0,6.0,7.871764882,-6.26,13.37699643,403.4622915,1554.05548,3.904556099,2.403624139,0.113643082,7.95,1,1100.0,360.0,10.0,3
0.0,0.175,0.125,0.55,0.1,0.0,0.0,0.0,0.0,0.0,0.05,0.0,0.0,0.0,0.0,0.0,0.0,0.0,0.0,0.0,0.0,0.0,0.0,0.0,0.0,5.0,8.202820612,-2.335,10.59100584,420.9001257,1603.994033,8.514279837,2.092874289,0.09995499,8.025,1,1200.0,360.0,60.0,3
0.0,0.175,0.125,0.55,0.1,0.0,0.0,0.0,0.0,0.0,0.05,0.0,0.0,0.0,0.0,0.0,0.0,0.0,0.0,0.0,0.0,0.0,0.0,0.0,0.0,5.0,8.202820612,-2.335,10.59100584,420.9001257,1603.994033,8.514279837,2.092874289,0.09995499,8.025,1,1200.0,360.0,60.0,2
0.0,0.175,0.125,0.55,0.1,0.0,0.0,0.0,0.0,0.0,0.05,0.0,0.0,0.0,0.0,0.0,0.0,0.0,0.0,0.0,0.0,0.0,0.0,0.0,0.0,5.0,8.202820612,-2.335,10.59100584,420.9001257,1603.994033,8.514279837,2.092874289,0.09995499,8.025,1,1200.0,360.0,60.0,2
0.0,0.175,0.125,0.55,0.1,0.0,0.0,0.0,0.0,0.0,0.05,0.0,0.0,0.0,0.0,0.0,0.0,0.0,0.0,0.0,0.0,0.0,0.0,0.0,0.0,5.0,8.202820612,-2.335,10.59100584,420.9001257,1603.994033,8.514279837,2.092874289,0.09995499,8.025,1,1200.0,360.0,60.0,2
0.0,0.180904523,0.120603015,0.552763819,0.070351759,0.0,0.0,0.0,0.0,0.0,0.075376884,0.0,0.0,0.0,0.0,0.0,0.0,0.0,0.0,0.0,0.0,0.0,0.0,0.0,0.0,5.0,8.252868013,-2.331,10.62440675,428.7501148,1634.117108,8.693085173,2.514010548,0.111132309,7.92,1,1200.0,360.0,60.0,3
0.0,0.180904523,0.120603015,0.552763819,0.070351759,0.0,0.0,0.0,0.0,0.0,0.075376884,0.0,0.0,0.0,0.0,0.0,0.0,0.0,0.0,0.0,0.0,0.0,0.0,0.0,0.0,5.0,8.252868013,-2.331,10.62440675,428.7501148,1634.117108,8.693085173,2.514010548,0.111132309,7.92,1,1200.0,360.0,60.0,3
0.0,0.180904523,0.120603015,0.552763819,0.070351759,0.0,0.0,0.0,0.0,0.0,0.075376884,0.0,0.0,0.0,0.0,0.0,0.0,0.0,0.0,0.0,0.0,0.0,0.0,0.0,0.0,5.0,8.252868013,-2.331,10.62440675,428.7501148,1634.117108,8.693085173,2.514010548,0.111132309,7.92,1,1200.0,360.0,60.0,2
0.0,0.180904523,0.120603015,0.552763819,0.070351759,0.0,0.0,0.0,0.0,0.0,0.075376884,0.0,0.0,0.0,0.0,0.0,0.0,0.0,0.0,0.0,0.0,0.0,0.0,0.0,0.0,5.0,8.252868013,-2.331,10.62440675,428.7501148,1634.117108,8.693085173,2.514010548,0.111132309,7.92,1,1200.0,360.0,60.0,2
0.25,0.0,0.0,0.0,0.0,0.0,0.0,0.25,0.0,0.0,0.125,0.25,0.0,0.125,0.0,0.0,0.0,0.0,0.0,0.0,0.0,0.0,0.0,0.0,0.0,5.0,7.15,-16.84,14.53,560.6278523,2169.09,1.87,4.34,0.22,4.3,1,1400.0,120.0,1440.0,1
0.25,0.0,0.0,0.0,0.0,0.0,0.0,0.25,0.0,0.0,0.125,0.25,0.0,0.125,0.0,0.0,0.0,0.0,0.0,0.0,0.0,0.0,0.0,0.0,0.0,5.0,7.15,-16.84,14.53,560.6278523,2169.09,1.87,4.34,0.22,4.3,1,1400.0,120.0,1440.0,1
0.25,0.0,0.0,0.0,0.0,0.0,0.0,0.25,0.0,0.0,0.125,0.25,0.0,0.125,0.0,0.0,0.0,0.0,0.0,0.0,0.0,0.0,0.0,0.0,0.0,5.0,7.15,-16.84,14.53,560.6278523,2169.09,1.87,4.34,0.22,4.3,1,1400.0,120.0,1440.0,1
0.08,0.0,0.0,0.0,0.0,0.0,0.0,0.2,0.0,0.2,0.0,0.2,0.12,0.2,0.0,0.0,0.0,0.0,0.0,0.0,0.0,0.0,0.0,0.0,0.0,6.0,9.09,-6.33,14.5,619.66987,2397.2,5.49,4.11,0.12,4.32,1,1400.0,120.0,1440.0,1
0.08,0.0,0.0,0.0,0.0,0.0,0.0,0.2,0.0,0.2,0.0,0.2,0.12,0.2,0.0,0.0,0.0,0.0,0.0,0.0,0.0,0.0,0.0,0.0,0.0,6.0,9.09,-6.33,14.5,619.66987,2397.2,5.49,4.11,0.12,4.32,1,1400.0,120.0,1440.0,1
0.08,0.0,0.0,0.0,0.0,0.0,0.0,0.2,0.0,0.2,0.0,0.2,0.12,0.2,0.0,0.0,0.0,0.0,0.0,0.0,0.0,0.0,0.0,0.0,0.0,6.0,9.09,-6.33,14.5,619.66987,2397.2,5.49,4.11,0.12,4.32,1,1400.0,120.0,1440.0,1
0.08,0.0,0.0,0.0,0.0,0.0,0.0,0.2,0.0,0.2,0.0,0.2,0.12,0.2,0.0,0.0,0.0,0.0,0.0,0.0,0.0,0.0,0.0,0.0,0.0,6.0,9.09,-6.33,14.5,619.66987,2397.2,5.49,4.11,0.12,4.32,1,1400.0,120.0,1440.0,1
0.25,0.0,0.0,0.0,0.0,0.0,0.0,0.25,0.0,0.0,0.125,0.25,0.0,0.125,0.0,0.0,0.0,0.0,0.0,0.0,0.0,0.0,0.0,0.0,0.0,5.0,7.15,-16.84,14.53,560.6278523,2169.09,1.87,4.34,0.22,4.3,1,1400.0,120.0,1440.0,3
0.2,0.0,0.0,0.0,0.0,0.0,0.0,0.3,0.0,0.3,0.0,0.1,0.0,0.1,0.0,0.0,0.0,0.0,0.0,0.0,0.0,0.0,0.0,0.0,0.0,5.0,6.85,-15.12,12.51,556.3368171,2135.79,1.77,3.07,0.08,4.2,1,1400.0,120.0,1440.0,1
0.2,0.0,0.0,0.0,0.0,0.0,0.0,0.3,0.0,0.3,0.0,0.1,0.0,0.1,0.0,0.0,0.0,0.0,0.0,0.0,0.0,0.0,0.0,0.0,0.0,5.0,6.85,-15.12,12.51,556.3368171,2135.79,1.77,3.07,0.08,4.2,1,1400.0,120.0,1440.0,1
0.2,0.0,0.0,0.0,0.0,0.0,0.0,0.3,0.0,0.3,0.0,0.1,0.0,0.1,0.0,0.0,0.0,0.0,0.0,0.0,0.0,0.0,0.0,0.0,0.0,5.0,6.85,-15.12,12.51,556.3368171,2135.79,1.77,3.07,0.08,4.2,1,1400.0,120.0,1440.0,1
0.08,0.0,0.0,0.0,0.0,0.0,0.0,0.2,0.0,0.2,0.0,0.2,0.12,0.2,0.0,0.0,0.0,0.0,0.0,0.0,0.0,0.0,0.0,0.0,0.0,6.0,9.09,-6.33,14.5,619.66987,2397.2,5.49,4.11,0.12,4.32,1,1200.0,120.0,1440.0,1
0.08,0.0,0.0,0.0,0.0,0.0,0.0,0.2,0.0,0.2,0.0,0.2,0.12,0.2,0.0,0.0,0.0,0.0,0.0,0.0,0.0,0.0,0.0,0.0,0.0,6.0,9.09,-6.33,14.5,619.66987,2397.2,5.49,4.11,0.12,4.32,1,1200.0,120.0,1440.0,1
0.08,0.0,0.0,0.0,0.0,0.0,0.0,0.2,0.0,0.2,0.0,0.2,0.12,0.2,0.0,0.0,0.0,0.0,0.0,0.0,0.0,0.0,0.0,0.0,0.0,6.0,9.09,-6.33,14.5,619.66987,2397.2,5.49,4.11,0.12,4.32,1,1200.0,120.0,1440.0,1
0.06,0.0,0.0,0.0,0.0,0.0,0.0,0.28,0.0,0.2,0.0,0.26,0.0,0.2,0.0,0.0,0.0,0.0,0.0,0.0,0.0,0.0,0.0,0.0,0.0,5.0,8.546797305,-5.040562466,12.82599837,581.4433955,2234.844498,6.381734885,4.754310304,0.10130303,4.395348837,1,1200.0,120.0,1440.0,1
0.06,0.0,0.0,0.0,0.0,0.0,0.0,0.28,0.0,0.2,0.0,0.26,0.0,0.2,0.0,0.0,0.0,0.0,0.0,0.0,0.0,0.0,0.0,0.0,0.0,5.0,8.546797305,-5.040562466,12.82599837,581.4433955,2234.844498,6.381734885,4.754310304,0.10130303,4.395348837,1,1200.0,120.0,1440.0,1
0.06,0.0,0.0,0.0,0.0,0.0,0.0,0.28,0.0,0.2,0.0,0.26,0.0,0.2,0.0,0.0,0.0,0.0,0.0,0.0,0.0,0.0,0.0,0.0,0.0,5.0,8.546797305,-5.040562466,12.82599837,581.4433955,2234.844498,6.381734885,4.754310304,0.10130303,4.395348837,1,1200.0,120.0,1440.0,1
0.06,0.0,0.0,0.0,0.0,0.0,0.0,0.28,0.04,0.2,0.0,0.26,0.0,0.16,0.0,0.0,0.0,0.0,0.0,0.0,0.0,0.0,0.0,0.0,0.0,6.0,7.71,-4.86,13.46,601.2169546,2316.49,6.41,4.5,0.11,4.34,1,1200.0,120.0,1440.0,1
0.06,0.0,0.0,0.0,0.0,0.0,0.0,0.28,0.04,0.2,0.0,0.26,0.0,0.16,0.0,0.0,0.0,0.0,0.0,0.0,0.0,0.0,0.0,0.0,0.0,6.0,7.71,-4.86,13.46,601.2169546,2316.49,6.41,4.5,0.11,4.34,1,1200.0,120.0,1440.0,1
0.06,0.0,0.0,0.0,0.0,0.0,0.0,0.28,0.04,0.2,0.0,0.26,0.0,0.16,0.0,0.0,0.0,0.0,0.0,0.0,0.0,0.0,0.0,0.0,0.0,6.0,7.71,-4.86,13.46,601.2169546,2316.49,6.41,4.5,0.11,4.34,1,1200.0,120.0,1440.0,1
0.1,0.0,0.0,0.0,0.0,0.0,0.0,0.3,0.04,0.2,0.0,0.2,0.0,0.16,0.0,0.0,0.0,0.0,0.0,0.0,0.0,0.0,0.0,0.0,0.0,6.0,7.56,-8.62,13.78,587.1169034,2264.97,3.62,4.23,0.1,4.3,1,1200.0,120.0,1440.0,1
0.1,0.0,0.0,0.0,0.0,0.0,0.0,0.3,0.04,0.2,0.0,0.2,0.0,0.16,0.0,0.0,0.0,0.0,0.0,0.0,0.0,0.0,0.0,0.0,0.0,6.0,7.56,-8.62,13.78,587.1169034,2264.97,3.62,4.23,0.1,4.3,1,1200.0,120.0,1440.0,1
0.1,0.0,0.0,0.0,0.0,0.0,0.0,0.3,0.04,0.2,0.0,0.2,0.0,0.16,0.0,0.0,0.0,0.0,0.0,0.0,0.0,0.0,0.0,0.0,0.0,6.0,7.56,-8.62,13.78,587.1169034,2264.97,3.62,4.23,0.1,4.3,1,1200.0,120.0,1440.0,1
0.0,0.0,0.0,0.0,0.0,0.0,0.0,0.2,0.2,0.2,0.0,0.2,0.2,0.0,0.0,0.0,0.0,0.0,0.0,0.0,0.0,0.0,0.0,0.0,0.0,5.0,8.06,0.16,13.38,597.541552,2301.6,192.49,6.08,0.14,4.4,1,1200.0,120.0,600.0,1
0.0,0.0,0.0,0.0,0.0,0.0,0.0,0.2,0.2,0.2,0.0,0.2,0.2,0.0,0.0,0.0,0.0,0.0,0.0,0.0,0.0,0.0,0.0,0.0,0.0,5.0,8.06,0.16,13.38,597.541552,2301.6,192.49,6.08,0.14,4.4,1,1200.0,120.0,600.0,1
0.0,0.0,0.0,0.0,0.0,0.0,0.0,0.2,0.2,0.2,0.0,0.2,0.2,0.0,0.0,0.0,0.0,0.0,0.0,0.0,0.0,0.0,0.0,0.0,0.0,5.0,8.06,0.16,13.38,597.541552,2301.6,192.49,6.08,0.14,4.4,1,1200.0,120.0,600.0,1
0.0,0.0,0.0,0.0,0.0,0.0,0.0,0.2,0.2,0.2,0.0,0.2,0.2,0.0,0.0,0.0,0.0,0.0,0.0,0.0,0.0,0.0,0.0,0.0,0.0,5.0,8.06,0.16,13.38,597.541552,2301.6,192.49,6.08,0.14,4.4,1,1200.0,120.0,600.0,3
0.0,0.0,0.2,0.0,0.0,0.0,0.0,0.2,0.0,0.2,0.0,0.2,0.2,0.0,0.0,0.0,0.0,0.0,0.0,0.0,0.0,0.0,0.0,0.0,0.0,5.0,8.252868031,-4.0,13.38161053,529.5053322,2039.567895,7.736972532,8.626538583,0.144996552,4.6,1,1200.0,120.0,600.0,3
0.0,0.0,0.2,0.0,0.0,0.0,0.0,0.2,0.0,0.2,0.0,0.2,0.2,0.0,0.0,0.0,0.0,0.0,0.0,0.0,0.0,0.0,0.0,0.0,0.0,5.0,8.252868031,-4.0,13.38161053,529.5053322,2039.567895,7.736972532,8.626538583,0.144996552,4.6,1,1200.0,120.0,600.0,3
0.0,0.0,0.2,0.0,0.0,0.0,0.0,0.2,0.0,0.2,0.0,0.2,0.2,0.0,0.0,0.0,0.0,0.0,0.0,0.0,0.0,0.0,0.0,0.0,0.0,5.0,8.252868031,-4.0,13.38161053,529.5053322,2039.567895,7.736972532,8.626538583,0.144996552,4.6,1,1200.0,120.0,600.0,3
0.0,0.0,0.2,0.0,0.0,0.0,0.0,0.2,0.0,0.2,0.0,0.2,0.2,0.0,0.0,0.0,0.0,0.0,0.0,0.0,0.0,0.0,0.0,0.0,0.0,5.0,8.252868031,-4.0,13.38161053,529.5053322,2039.567895,7.736972532,8.626538583,0.144996552,4.6,1,1200.0,120.0,600.0,3
0.0,0.0,0.0,0.0,0.0,0.0,0.0,0.25,0.25,0.25,0.0,0.25,0.0,0.0,0.0,0.0,0.0,0.0,0.0,0.0,0.0,0.0,0.0,0.0,0.0,4.0,6.46,-0.25,11.53,588.437985,2250.5,103.76,6.03,0.12,4.5,1,1200.0,120.0,1440.0,1
0.0,0.0,0.0,0.0,0.0,0.0,0.0,0.25,0.25,0.25,0.0,0.25,0.0,0.0,0.0,0.0,0.0,0.0,0.0,0.0,0.0,0.0,0.0,0.0,0.0,4.0,6.46,-0.25,11.53,588.437985,2250.5,103.76,6.03,0.12,4.5,1,1200.0,120.0,1440.0,1
0.0,0.0,0.0,0.0,0.0,0.0,0.0,0.25,0.25,0.25,0.0,0.25,0.0,0.0,0.0,0.0,0.0,0.0,0.0,0.0,0.0,0.0,0.0,0.0,0.0,4.0,6.46,-0.25,11.53,588.437985,2250.5,103.76,6.03,0.12,4.5,1,1200.0,120.0,1440.0,1
0.0,0.0,0.0,0.0,0.0,0.0,0.0,0.25,0.25,0.25,0.0,0.25,0.0,0.0,0.0,0.0,0.0,0.0,0.0,0.0,0.0,0.0,0.0,0.0,0.0,4.0,6.46,-0.25,11.53,588.437985,2250.5,103.76,6.03,0.12,4.5,1,1200.0,120.0,1440.0,1
0.0,0.0,0.0,0.0,0.0,0.0,0.0,0.2,0.4,0.2,0.0,0.2,0.0,0.0,0.0,0.0,0.0,0.0,0.0,0.0,0.0,0.0,0.0,0.0,0.0,4.0,6.411901676,-0.96,11.07635214,511.2740006,1952.0,25.67348434,7.480507608,0.112889326,4.6,1,1200.0,120.0,1440.0,1
0.0,0.0,0.0,0.0,0.0,0.0,0.0,0.166666667,0.5,0.166666667,0.0,0.166666667,0.0,0.0,0.0,0.0,0.0,0.0,0.0,0.0,0.0,0.0,0.0,0.0,0.0,4.0,6.370234728,-1.444444444,10.33033108,510.015496,1941.666667,15.83985423,7.497465242,0.107703296,4.666666667,1,1200.0,120.0,1440.0,1
0.0,0.0,0.0,0.0,0.0,0.0,0.0,0.142857143,0.571428571,0.142857143,0.0,0.142857143,0.0,0.0,0.0,0.0,0.0,0.0,0.0,0.0,0.0,0.0,0.0,0.0,0.0,4.0,6.338674258,-1.632653061,9.592743656,509.5032603,1934.285714,12.96991103,7.369032927,0.102678416,4.714285714,1,1200.0,120.0,1440.0,1
0.0,0.0,0.0,0.0,0.0,0.0,0.0,0.125,0.625,0.125,0.0,0.125,0.0,0.0,0.0,0.0,0.0,0.0,0.0,0.0,0.0,0.0,0.0,0.0,0.0,4.0,6.313940928,-1.6875,8.925931309,509.3311725,1928.75,11.64681964,7.187440703,0.098075226,4.75,1,1200.0,120.0,1440.0,1
0.0,0.0,0.25,0.0,0.0,0.0,0.0,0.25,0.0,0.25,0.0,0.25,0.0,0.0,0.0,0.0,0.0,0.0,0.0,0.0,0.0,0.0,0.0,0.0,0.0,4.0,6.64,-5.0,11.53,588.2371325,2249.75,5.19,7.84,0.12,4.75,1,1200.0,120.0,1440.0,3
0.0,0.0,0.25,0.0,0.0,0.0,0.0,0.25,0.0,0.25,0.0,0.25,0.0,0.0,0.0,0.0,0.0,0.0,0.0,0.0,0.0,0.0,0.0,0.0,0.0,4.0,6.64,-5.0,11.53,588.2371325,2249.75,5.19,7.84,0.12,4.75,1,1200.0,120.0,1440.0,3
0.0,0.0,0.25,0.0,0.0,0.0,0.0,0.25,0.0,0.25,0.0,0.25,0.0,0.0,0.0,0.0,0.0,0.0,0.0,0.0,0.0,0.0,0.0,0.0,0.0,4.0,6.64,-5.0,11.53,588.2371325,2249.75,5.19,7.84,0.12,4.75,1,1200.0,120.0,1440.0,3
0.0,0.0,0.25,0.0,0.0,0.0,0.0,0.25,0.0,0.25,0.0,0.25,0.0,0.0,0.0,0.0,0.0,0.0,0.0,0.0,0.0,0.0,0.0,0.0,0.0,4.0,6.64,-5.0,11.53,588.2371325,2249.75,5.19,7.84,0.12,4.75,1,1200.0,120.0,1440.0,3
0.0,0.0,0.2,0.0,0.0,0.0,0.0,0.2,0.2,0.2,0.0,0.2,0.0,0.0,0.0,0.0,0.0,0.0,0.0,0.0,0.0,0.0,0.0,0.0,0.0,5.0,6.56,-4.64,13.38,580.609528,2236.4,6.45,7.67,0.12,4.8,1,1200.0,120.0,1440.0,3
0.0,0.0,0.2,0.0,0.0,0.0,0.0,0.2,0.2,0.2,0.0,0.2,0.0,0.0,0.0,0.0,0.0,0.0,0.0,0.0,0.0,0.0,0.0,0.0,0.0,5.0,6.56,-4.64,13.38,580.609528,2236.4,6.45,7.67,0.12,4.8,1,1200.0,120.0,1440.0,3
0.0,0.0,0.2,0.0,0.0,0.0,0.0,0.2,0.2,0.2,0.0,0.2,0.0,0.0,0.0,0.0,0.0,0.0,0.0,0.0,0.0,0.0,0.0,0.0,0.0,5.0,6.56,-4.64,13.38,580.609528,2236.4,6.45,7.67,0.12,4.8,1,1200.0,120.0,1440.0,3
0.0,0.0,0.2,0.0,0.0,0.0,0.0,0.2,0.2,0.2,0.0,0.2,0.0,0.0,0.0,0.0,0.0,0.0,0.0,0.0,0.0,0.0,0.0,0.0,0.0,5.0,6.56,-4.64,13.38,580.609528,2236.4,6.45,7.67,0.12,4.8,1,1200.0,120.0,1440.0,3
0.0,0.0,0.0,0.0,0.0,0.0,0.0,0.2,0.0,0.2,0.0,0.2,0.2,0.2,0.0,0.0,0.0,0.0,0.0,0.0,0.0,0.0,0.0,0.0,0.0,5.0,9.9,2.72,13.38,655.02398,2523.0,12.41,4.01,0.12,4.4,1,1200.0,60.0,1440.0,1
0.0,0.0,0.0,0.0,0.0,0.0,0.0,0.2,0.0,0.2,0.0,0.2,0.2,0.2,0.0,0.0,0.0,0.0,0.0,0.0,0.0,0.0,0.0,0.0,0.0,5.0,9.9,2.72,13.38,655.02398,2523.0,12.41,4.01,0.12,4.4,1,1200.0,60.0,1440.0,1
0.0,0.0,0.0,0.0,0.0,0.0,0.0,0.2,0.0,0.2,0.0,0.2,0.2,0.2,0.0,0.0,0.0,0.0,0.0,0.0,0.0,0.0,0.0,0.0,0.0,5.0,9.9,2.72,13.38,655.02398,2523.0,12.41,4.01,0.12,4.4,1,1200.0,60.0,1440.0,1
0.0,0.0,0.0,0.0,0.0,0.0,0.0,0.2,0.0,0.2,0.0,0.2,0.2,0.2,0.0,0.0,0.0,0.0,0.0,0.0,0.0,0.0,0.0,0.0,0.0,5.0,9.9,2.72,13.38,655.02398,2523.0,12.41,4.01,0.12,4.4,1,1200.0,60.0,1440.0,1
0.0,0.0,0.0,0.0,0.0,0.0,0.0,0.2,0.0,0.2,0.0,0.2,0.2,0.2,0.0,0.0,0.0,0.0,0.0,0.0,0.0,0.0,0.0,0.0,0.0,5.0,9.9,2.72,13.38,655.02398,2523.0,12.41,4.01,0.12,4.4,1,1200.0,60.0,1440.0,1
0.0,0.0,0.0,0.0,0.0,0.0,0.0,0.2,0.0,0.2,0.0,0.2,0.2,0.2,0.0,0.0,0.0,0.0,0.0,0.0,0.0,0.0,0.0,0.0,0.0,5.0,9.9,2.72,13.38,655.02398,2523.0,12.41,4.01,0.12,4.4,1,1200.0,60.0,1440.0,1
0.0,0.0,0.0,0.0,0.0,0.0,0.0,0.2,0.0,0.2,0.0,0.2,0.2,0.2,0.0,0.0,0.0,0.0,0.0,0.0,0.0,0.0,0.0,0.0,0.0,5.0,9.9,2.72,13.38,655.02398,2523.0,12.41,4.01,0.12,4.4,1,1200.0,120.0,120.0,1
0.0,0.0,0.0,0.0,0.0,0.0,0.0,0.2,0.0,0.2,0.0,0.2,0.2,0.2,0.0,0.0,0.0,0.0,0.0,0.0,0.0,0.0,0.0,0.0,0.0,5.0,9.9,2.72,13.38,655.02398,2523.0,12.41,4.01,0.12,4.4,1,1200.0,120.0,120.0,1
0.0,0.0,0.0,0.0,0.0,0.0,0.0,0.2,0.0,0.2,0.0,0.2,0.2,0.2,0.0,0.0,0.0,0.0,0.0,0.0,0.0,0.0,0.0,0.0,0.0,5.0,9.9,2.72,13.38,655.02398,2523.0,12.41,4.01,0.12,4.4,1,1200.0,120.0,1440.0,1
0.0,0.0,0.0,0.0,0.0,0.0,0.0,0.0,0.2,0.2,0.2,0.0,0.0,0.2,0.2,0.0,0.0,0.0,0.0,0.0,0.0,0.0,0.0,0.0,0.0,5.0,12.36,-4.64,13.38,769.197496,2962.8,8.54,3.21,0.34,5.4,1,1200.0,120.0,1140.0,1
0.0,0.0,0.0,0.0,0.0,0.0,0.0,0.0,0.2,0.2,0.2,0.0,0.0,0.2,0.2,0.0,0.0,0.0,0.0,0.0,0.0,0.0,0.0,0.0,0.0,5.0,12.36,-4.64,13.38,769.197496,2962.8,8.54,3.21,0.34,5.4,1,1200.0,120.0,1140.0,1
0.0,0.0,0.0,0.0,0.0,0.0,0.0,0.0,0.2,0.2,0.2,0.0,0.0,0.2,0.2,0.0,0.0,0.0,0.0,0.0,0.0,0.0,0.0,0.0,0.0,5.0,12.36,-4.64,13.38,769.197496,2962.8,8.54,3.21,0.34,5.4,1,1200.0,120.0,1140.0,1
0.0,0.0,0.0,0.0,0.0,0.0,0.0,0.0,0.2,0.2,0.2,0.0,0.0,0.2,0.2,0.0,0.0,0.0,0.0,0.0,0.0,0.0,0.0,0.0,0.0,5.0,12.36,-4.64,13.38,769.197496,2962.8,8.54,3.21,0.34,5.4,1,1200.0,120.0,1140.0,1
0.0,0.0,0.0,0.0,0.0,0.0,0.0,0.0,0.2,0.2,0.2,0.0,0.0,0.2,0.2,0.0,0.0,0.0,0.0,0.0,0.0,0.0,0.0,0.0,0.0,5.0,12.36,-4.64,13.38,769.197496,2962.8,8.54,3.21,0.34,5.4,1,1200.0,120.0,1140.0,1
0.0,0.0,0.0,0.0,0.0,0.0,0.0,0.0,0.2,0.2,0.2,0.0,0.0,0.2,0.2,0.0,0.0,0.0,0.0,0.0,0.0,0.0,0.0,0.0,0.0,5.0,12.36,-4.64,13.38,769.197496,2962.8,8.54,3.21,0.34,5.4,1,1200.0,120.0,1140.0,1
0.0,0.0,0.0,0.0,0.0,0.0,0.0,0.0,0.0,0.25,0.25,0.0,0.0,0.25,0.25,0.0,0.0,0.0,0.0,0.0,0.0,0.0,0.0,0.0,0.0,4.0,13.64,-6.5,11.53,825.6503925,3157.75,5.6,2.27,0.36,5.5,1,1200.0,120.0,1440.0,1
0.0,0.0,0.0,0.0,0.0,0.0,0.0,0.0,0.0,0.25,0.25,0.0,0.0,0.25,0.25,0.0,0.0,0.0,0.0,0.0,0.0,0.0,0.0,0.0,0.0,4.0,13.64,-6.5,11.53,825.6503925,3157.75,5.6,2.27,0.36,5.5,1,1200.0,120.0,1440.0,1
0.0,0.0,0.0,0.0,0.0,0.0,0.0,0.0,0.0,0.25,0.25,0.0,0.0,0.25,0.25,0.0,0.0,0.0,0.0,0.0,0.0,0.0,0.0,0.0,0.0,4.0,13.64,-6.5,11.53,825.6503925,3157.75,5.6,2.27,0.36,5.5,1,1200.0,120.0,1440.0,1
0.0,0.0,0.0,0.0,0.0,0.0,0.0,0.0,0.0,0.25,0.25,0.0,0.0,0.25,0.25,0.0,0.0,0.0,0.0,0.0,0.0,0.0,0.0,0.0,0.0,4.0,13.64,-6.5,11.53,825.6503925,3157.75,5.6,2.27,0.36,5.5,1,1200.0,120.0,1440.0,1
0.0,0.0,0.0,0.0,0.0,0.0,0.0,0.0,0.0,0.25,0.25,0.0,0.0,0.25,0.25,0.0,0.0,0.0,0.0,0.0,0.0,0.0,0.0,0.0,0.0,4.0,13.64,-6.5,11.53,825.6503925,3157.75,5.6,2.27,0.36,5.5,1,1200.0,120.0,1440.0,1
0.0,0.0,0.0,0.0,0.0,0.0,0.0,0.0,0.2,0.2,0.2,0.0,0.0,0.2,0.2,0.0,0.0,0.0,0.0,0.0,0.0,0.0,0.0,0.0,0.0,5.0,12.36,-4.64,13.38,769.197496,2962.8,8.54,3.21,0.34,5.4,1,1200.0,120.0,1440.0,1
0.0,0.0,0.0,0.0,0.0,0.0,0.0,0.0,0.2,0.2,0.2,0.0,0.0,0.2,0.2,0.0,0.0,0.0,0.0,0.0,0.0,0.0,0.0,0.0,0.0,5.0,12.36,-4.64,13.38,769.197496,2962.8,8.54,3.21,0.34,5.4,1,1200.0,120.0,1440.0,1
0.0,0.0,0.0,0.0,0.0,0.0,0.0,0.0,0.2,0.2,0.2,0.0,0.0,0.2,0.2,0.0,0.0,0.0,0.0,0.0,0.0,0.0,0.0,0.0,0.0,5.0,12.36,-4.64,13.38,769.197496,2962.8,8.54,3.21,0.34,5.4,1,1200.0,120.0,1440.0,1
0.0,0.0,0.0,0.0,0.0,0.0,0.0,0.0,0.2,0.2,0.2,0.0,0.0,0.2,0.2,0.0,0.0,0.0,0.0,0.0,0.0,0.0,0.0,0.0,0.0,5.0,12.36,-4.64,13.38,769.197496,2962.8,8.54,3.21,0.34,5.4,1,1200.0,120.0,1440.0,1
0.0,0.0,0.0,0.0,0.0,0.0,0.0,0.0,0.2,0.2,0.2,0.0,0.0,0.2,0.2,0.0,0.0,0.0,0.0,0.0,0.0,0.0,0.0,0.0,0.0,5.0,12.36,-4.64,13.38,769.197496,2962.8,8.54,3.21,0.34,5.4,1,1200.0,120.0,1440.0,1
0.714285714,0.095238095,0.095238095,0.0,0.095238095,0.0,0.0,0.0,0.0,0.0,0.0,0.0,0.0,0.0,0.0,0.0,0.0,0.0,0.0,0.0,0.0,0.0,0.0,0.0,0.0,4.0,3.899333313,-14.27664399,7.584109888,246.5697241,929.047619,0.638637404,6.003747224,0.11075089,4.523809524,1,1000.0,1440.0,30.0,3
0.0,0.2,0.2,0.2,0.2,0.0,0.2,0.0,0.0,0.0,0.0,0.0,0.0,0.0,0.0,0.0,0.0,0.0,0.0,0.0,0.0,0.0,0.0,0.0,0.0,5.0,8.03,-4.16,13.38,467.623384,1801.2,5.79,0.92,0.14,8.0,1,1200.0,2880.0,60.0,2
0.03,0.313333333,0.313333333,0.0,0.313333333,0.0,0.0,0.03,0.0,0.0,0.0,0.0,0.0,0.0,0.0,0.0,0.0,0.0,0.0,0.0,0.0,0.0,0.0,0.0,0.0,5.0,7.887276237,-8.977422222,10.81920964,404.8363387,1544.145609,2.190127822,3.751220236,0.12265523,8.043333333,1,1200.0,120.0,120.0,3
0.04,0.235,0.235,0.235,0.235,0.0,0.0,0.02,0.0,0.0,0.0,0.0,0.0,0.0,0.0,0.0,0.0,0.0,0.0,0.0,0.0,0.0,0.0,0.0,0.0,6.0,7.767598763,-7.3763,13.03936365,396.2312503,1524.225483,3.177288416,3.706237868,0.109201648,7.955,1,1200.0,240.0,1080.0,3
0.04,0.235,0.235,0.235,0.235,0.0,0.0,0.02,0.0,0.0,0.0,0.0,0.0,0.0,0.0,0.0,0.0,0.0,0.0,0.0,0.0,0.0,0.0,0.0,0.0,6.0,7.767598763,-7.3763,13.03936365,396.2312503,1524.225483,3.177288416,3.706237868,0.109201648,7.955,1,1200.0,240.0,240.0,3
0.090909091,0.181818182,0.181818182,0.181818182,0.181818182,0.181818182,0.0,0.0,0.0,0.0,0.0,0.0,0.0,0.0,0.0,0.0,0.0,0.0,0.0,0.0,0.0,0.0,0.0,0.0,0.0,6.0,7.62,-1.52,14.7,437.30038,1693.0,16.36,3.82,0.11,8.27,1,1000.0,360.0,300.0,3
0.090909091,0.181818182,0.181818182,0.181818182,0.181818182,0.181818182,0.0,0.0,0.0,0.0,0.0,0.0,0.0,0.0,0.0,0.0,0.0,0.0,0.0,0.0,0.0,0.0,0.0,0.0,0.0,6.0,7.62,-1.52,14.7,437.30038,1693.0,16.36,3.82,0.11,8.27,1,1000.0,360.0,300.0,3
0.090909091,0.181818182,0.181818182,0.181818182,0.181818182,0.181818182,0.0,0.0,0.0,0.0,0.0,0.0,0.0,0.0,0.0,0.0,0.0,0.0,0.0,0.0,0.0,0.0,0.0,0.0,0.0,6.0,7.62,-1.52,14.7,437.30038,1693.0,16.36,3.82,0.11,8.27,1,1000.0,360.0,300.0,3
0.090909091,0.181818182,0.181818182,0.181818182,0.181818182,0.181818182,0.0,0.0,0.0,0.0,0.0,0.0,0.0,0.0,0.0,0.0,0.0,0.0,0.0,0.0,0.0,0.0,0.0,0.0,0.0,6.0,7.62,-1.52,14.7,437.30038,1693.0,16.36,3.82,0.11,8.27,1,1000.0,360.0,300.0,3
0.090909091,0.181818182,0.181818182,0.181818182,0.181818182,0.181818182,0.0,0.0,0.0,0.0,0.0,0.0,0.0,0.0,0.0,0.0,0.0,0.0,0.0,0.0,0.0,0.0,0.0,0.0,0.0,6.0,7.62,-1.52,14.7,437.30038,1693.0,16.36,3.82,0.11,8.27,1,1000.0,360.0,300.0,3
0.090909091,0.181818182,0.181818182,0.181818182,0.181818182,0.181818182,0.0,0.0,0.0,0.0,0.0,0.0,0.0,0.0,0.0,0.0,0.0,0.0,0.0,0.0,0.0,0.0,0.0,0.0,0.0,6.0,7.62,-1.52,14.7,437.30038,1693.0,16.36,3.82,0.11,8.27,1,1000.0,360.0,300.0,3
0.090909091,0.181818182,0.181818182,0.181818182,0.181818182,0.181818182,0.0,0.0,0.0,0.0,0.0,0.0,0.0,0.0,0.0,0.0,0.0,0.0,0.0,0.0,0.0,0.0,0.0,0.0,0.0,6.0,7.62,-1.52,14.7,437.30038,1693.0,16.36,3.82,0.11,8.27,1,1000.0,360.0,300.0,3
0.0,0.333333333,0.333333333,0.0,0.333333333,0.0,0.0,0.0,0.0,0.0,0.0,0.0,0.0,0.0,0.0,0.0,0.0,0.0,0.0,0.0,0.0,0.0,0.0,0.0,0.0,3.0,8.28,-4.89,9.13,499.23715,1892.0,3.54,1.12,0.11,8.33,1,1200.0,1440.0,60.0,2
0.0,0.333333333,0.333333333,0.0,0.333333333,0.0,0.0,0.0,0.0,0.0,0.0,0.0,0.0,0.0,0.0,0.0,0.0,0.0,0.0,0.0,0.0,0.0,0.0,0.0,0.0,3.0,8.28,-4.89,9.13,499.23715,1892.0,3.54,1.12,0.11,8.33,1,1200.0,1440.0,60.0,2
0.0,0.333333333,0.333333333,0.0,0.333333333,0.0,0.0,0.0,0.0,0.0,0.0,0.0,0.0,0.0,0.0,0.0,0.0,0.0,0.0,0.0,0.0,0.0,0.0,0.0,0.0,3.0,8.28,-4.89,9.13,499.23715,1892.0,3.54,1.12,0.11,8.33,1,1200.0,1440.0,60.0,2
0.0,0.333333333,0.333333333,0.0,0.333333333,0.0,0.0,0.0,0.0,0.0,0.0,0.0,0.0,0.0,0.0,0.0,0.0,0.0,0.0,0.0,0.0,0.0,0.0,0.0,0.0,3.0,8.28,-4.89,9.13,499.23715,1892.0,3.54,1.12,0.11,8.33,1,1200.0,1440.0,60.0,2
0.0,0.333333333,0.333333333,0.0,0.333333333,0.0,0.0,0.0,0.0,0.0,0.0,0.0,0.0,0.0,0.0,0.0,0.0,0.0,0.0,0.0,0.0,0.0,0.0,0.0,0.0,3.0,8.28,-4.89,9.13,499.23715,1892.0,3.54,1.12,0.11,8.33,1,1200.0,1440.0,60.0,2
0.0,0.333333333,0.0,0.0,0.333333333,0.0,0.333333333,0.0,0.0,0.0,0.0,0.0,0.0,0.0,0.0,0.0,0.0,0.0,0.0,0.0,0.0,0.0,0.0,0.0,0.0,3.0,8.372634415,-5.777777778,9.134370237,368.7904174,1397.666667,2.641475428,3.73468262,0.163095064,8.666666667,1,1100.0,1440.0,60.0,2
0.0,0.333333333,0.0,0.0,0.333333333,0.0,0.333333333,0.0,0.0,0.0,0.0,0.0,0.0,0.0,0.0,0.0,0.0,0.0,0.0,0.0,0.0,0.0,0.0,0.0,0.0,3.0,8.372634415,-5.777777778,9.134370237,368.7904174,1397.666667,2.641475428,3.73468262,0.163095064,8.666666667,1,1100.0,1440.0,60.0,2
0.0,0.333333333,0.0,0.0,0.333333333,0.0,0.333333333,0.0,0.0,0.0,0.0,0.0,0.0,0.0,0.0,0.0,0.0,0.0,0.0,0.0,0.0,0.0,0.0,0.0,0.0,3.0,8.372634415,-5.777777778,9.134370237,368.7904174,1397.666667,2.641475428,3.73468262,0.163095064,8.666666667,1,1100.0,1440.0,60.0,2
0.0,0.333333333,0.0,0.0,0.333333333,0.0,0.333333333,0.0,0.0,0.0,0.0,0.0,0.0,0.0,0.0,0.0,0.0,0.0,0.0,0.0,0.0,0.0,0.0,0.0,0.0,3.0,8.372634415,-5.777777778,9.134370237,368.7904174,1397.666667,2.641475428,3.73468262,0.163095064,8.666666667,1,1100.0,1440.0,60.0,2
0.0,0.333333333,0.0,0.0,0.333333333,0.0,0.333333333,0.0,0.0,0.0,0.0,0.0,0.0,0.0,0.0,0.0,0.0,0.0,0.0,0.0,0.0,0.0,0.0,0.0,0.0,3.0,8.372634415,-5.777777778,9.134370237,368.7904174,1397.666667,2.641475428,3.73468262,0.163095064,8.666666667,1,1100.0,1440.0,60.0,2
0.0,0.333333333,0.0,0.333333333,0.333333333,0.0,0.0,0.0,0.0,0.0,0.0,0.0,0.0,0.0,0.0,0.0,0.0,0.0,0.0,0.0,0.0,0.0,0.0,0.0,0.0,3.0,8.54,-1.33,9.13,466.7847,1769.0,12.12,0.75,0.03,9.0,1,1200.0,1440.0,60.0,2
0.0,0.333333333,0.0,0.333333333,0.333333333,0.0,0.0,0.0,0.0,0.0,0.0,0.0,0.0,0.0,0.0,0.0,0.0,0.0,0.0,0.0,0.0,0.0,0.0,0.0,0.0,3.0,8.54,-1.33,9.13,466.7847,1769.0,12.12,0.75,0.03,9.0,1,1200.0,1440.0,60.0,2
0.0,0.333333333,0.0,0.333333333,0.333333333,0.0,0.0,0.0,0.0,0.0,0.0,0.0,0.0,0.0,0.0,0.0,0.0,0.0,0.0,0.0,0.0,0.0,0.0,0.0,0.0,3.0,8.54,-1.33,9.13,466.7847,1769.0,12.12,0.75,0.03,9.0,1,1200.0,1440.0,60.0,2
0.0,0.333333333,0.0,0.333333333,0.333333333,0.0,0.0,0.0,0.0,0.0,0.0,0.0,0.0,0.0,0.0,0.0,0.0,0.0,0.0,0.0,0.0,0.0,0.0,0.0,0.0,3.0,8.54,-1.33,9.13,466.7847,1769.0,12.12,0.75,0.03,9.0,1,1200.0,1440.0,60.0,2
0.0,0.333333333,0.0,0.333333333,0.333333333,0.0,0.0,0.0,0.0,0.0,0.0,0.0,0.0,0.0,0.0,0.0,0.0,0.0,0.0,0.0,0.0,0.0,0.0,0.0,0.0,3.0,8.54,-1.33,9.13,466.7847,1769.0,12.12,0.75,0.03,9.0,1,1200.0,1440.0,60.0,2
0.0,0.0,0.0,0.333333333,0.333333333,0.0,0.333333333,0.0,0.0,0.0,0.0,0.0,0.0,0.0,0.0,0.0,0.0,0.0,0.0,0.0,0.0,0.0,0.0,0.0,0.0,3.0,8.037856306,-4.444444444,9.134370237,372.3099592,1411.0,3.461321168,3.928542706,0.154344492,8.333333333,1,1100.0,1440.0,60.0,2
0.0,0.0,0.0,0.333333333,0.333333333,0.0,0.333333333,0.0,0.0,0.0,0.0,0.0,0.0,0.0,0.0,0.0,0.0,0.0,0.0,0.0,0.0,0.0,0.0,0.0,0.0,3.0,8.037856306,-4.444444444,9.134370237,372.3099592,1411.0,3.461321168,3.928542706,0.154344492,8.333333333,1,1100.0,1440.0,60.0,2
0.0,0.0,0.0,0.333333333,0.333333333,0.0,0.333333333,0.0,0.0,0.0,0.0,0.0,0.0,0.0,0.0,0.0,0.0,0.0,0.0,0.0,0.0,0.0,0.0,0.0,0.0,3.0,8.037856306,-4.444444444,9.134370237,372.3099592,1411.0,3.461321168,3.928542706,0.154344492,8.333333333,1,1100.0,1440.0,60.0,2
0.0,0.0,0.0,0.333333333,0.333333333,0.0,0.333333333,0.0,0.0,0.0,0.0,0.0,0.0,0.0,0.0,0.0,0.0,0.0,0.0,0.0,0.0,0.0,0.0,0.0,0.0,3.0,8.037856306,-4.444444444,9.134370237,372.3099592,1411.0,3.461321168,3.928542706,0.154344492,8.333333333,1,1100.0,1440.0,60.0,2
0.0,0.0,0.0,0.333333333,0.333333333,0.0,0.333333333,0.0,0.0,0.0,0.0,0.0,0.0,0.0,0.0,0.0,0.0,0.0,0.0,0.0,0.0,0.0,0.0,0.0,0.0,3.0,8.037856306,-4.444444444,9.134370237,372.3099592,1411.0,3.461321168,3.928542706,0.154344492,8.333333333,1,1100.0,1440.0,60.0,2
0.0,0.25,0.25,0.25,0.25,0.0,0.0,0.0,0.0,0.0,0.0,0.0,0.0,0.0,0.0,0.0,0.0,0.0,0.0,0.0,0.0,0.0,0.0,0.0,0.0,4.0,8.17,-3.75,11.53,489.4027225,1871.75,5.75,1.03,0.1,8.25,1,1200.0,1440.0,60.0,2
0.0,0.25,0.25,0.25,0.25,0.0,0.0,0.0,0.0,0.0,0.0,0.0,0.0,0.0,0.0,0.0,0.0,0.0,0.0,0.0,0.0,0.0,0.0,0.0,0.0,4.0,8.17,-3.75,11.53,489.4027225,1871.75,5.75,1.03,0.1,8.25,1,1200.0,1440.0,60.0,2
0.0,0.25,0.25,0.25,0.25,0.0,0.0,0.0,0.0,0.0,0.0,0.0,0.0,0.0,0.0,0.0,0.0,0.0,0.0,0.0,0.0,0.0,0.0,0.0,0.0,4.0,8.17,-3.75,11.53,489.4027225,1871.75,5.75,1.03,0.1,8.25,1,1200.0,1440.0,60.0,2
0.0,0.25,0.25,0.25,0.25,0.0,0.0,0.0,0.0,0.0,0.0,0.0,0.0,0.0,0.0,0.0,0.0,0.0,0.0,0.0,0.0,0.0,0.0,0.0,0.0,4.0,8.17,-3.75,11.53,489.4027225,1871.75,5.75,1.03,0.1,8.25,1,1200.0,1440.0,60.0,2
0.0,0.25,0.25,0.25,0.25,0.0,0.0,0.0,0.0,0.0,0.0,0.0,0.0,0.0,0.0,0.0,0.0,0.0,0.0,0.0,0.0,0.0,0.0,0.0,0.0,4.0,8.17,-3.75,11.53,489.4027225,1871.75,5.75,1.03,0.1,8.25,1,1200.0,1440.0,60.0,2
0.0,0.25,0.0,0.25,0.25,0.0,0.25,0.0,0.0,0.0,0.0,0.0,0.0,0.0,0.0,0.0,0.0,0.0,0.0,0.0,0.0,0.0,0.0,0.0,0.0,4.0,8.26,-4.0,11.53,446.194555,1706.5,4.92,0.66,0.14,8.5,1,1100.0,1440.0,60.0,2
0.0,0.25,0.0,0.25,0.25,0.0,0.25,0.0,0.0,0.0,0.0,0.0,0.0,0.0,0.0,0.0,0.0,0.0,0.0,0.0,0.0,0.0,0.0,0.0,0.0,4.0,8.26,-4.0,11.53,446.194555,1706.5,4.92,0.66,0.14,8.5,1,1100.0,1440.0,60.0,2
0.0,0.25,0.0,0.25,0.25,0.0,0.25,0.0,0.0,0.0,0.0,0.0,0.0,0.0,0.0,0.0,0.0,0.0,0.0,0.0,0.0,0.0,0.0,0.0,0.0,4.0,8.26,-4.0,11.53,446.194555,1706.5,4.92,0.66,0.14,8.5,1,1100.0,1440.0,60.0,2
0.0,0.25,0.0,0.25,0.25,0.0,0.25,0.0,0.0,0.0,0.0,0.0,0.0,0.0,0.0,0.0,0.0,0.0,0.0,0.0,0.0,0.0,0.0,0.0,0.0,4.0,8.26,-4.0,11.53,446.194555,1706.5,4.92,0.66,0.14,8.5,1,1100.0,1440.0,60.0,2
0.0,0.25,0.0,0.25,0.25,0.0,0.25,0.0,0.0,0.0,0.0,0.0,0.0,0.0,0.0,0.0,0.0,0.0,0.0,0.0,0.0,0.0,0.0,0.0,0.0,4.0,8.26,-4.0,11.53,446.194555,1706.5,4.92,0.66,0.14,8.5,1,1100.0,1440.0,60.0,2
0.0,0.25,0.25,0.0,0.25,0.0,0.25,0.0,0.0,0.0,0.0,0.0,0.0,0.0,0.0,0.0,0.0,0.0,0.0,0.0,0.0,0.0,0.0,0.0,0.0,4.0,8.065458132,-5.5,11.52629192,395.4734835,1512.5,3.74216785,3.446992938,0.150499169,8.0,1,1100.0,1440.0,60.0,2
0.0,0.25,0.25,0.0,0.25,0.0,0.25,0.0,0.0,0.0,0.0,0.0,0.0,0.0,0.0,0.0,0.0,0.0,0.0,0.0,0.0,0.0,0.0,0.0,0.0,4.0,8.065458132,-5.5,11.52629192,395.4734835,1512.5,3.74216785,3.446992938,0.150499169,8.0,1,1100.0,1440.0,60.0,2
0.0,0.25,0.25,0.0,0.25,0.0,0.25,0.0,0.0,0.0,0.0,0.0,0.0,0.0,0.0,0.0,0.0,0.0,0.0,0.0,0.0,0.0,0.0,0.0,0.0,4.0,8.065458132,-5.5,11.52629192,395.4734835,1512.5,3.74216785,3.446992938,0.150499169,8.0,1,1100.0,1440.0,60.0,2
0.0,0.25,0.25,0.0,0.25,0.0,0.25,0.0,0.0,0.0,0.0,0.0,0.0,0.0,0.0,0.0,0.0,0.0,0.0,0.0,0.0,0.0,0.0,0.0,0.0,4.0,8.065458132,-5.5,11.52629192,395.4734835,1512.5,3.74216785,3.446992938,0.150499169,8.0,1,1100.0,1440.0,60.0,2
0.0,0.25,0.25,0.0,0.25,0.0,0.25,0.0,0.0,0.0,0.0,0.0,0.0,0.0,0.0,0.0,0.0,0.0,0.0,0.0,0.0,0.0,0.0,0.0,0.0,4.0,8.065458132,-5.5,11.52629192,395.4734835,1512.5,3.74216785,3.446992938,0.150499169,8.0,1,1100.0,1440.0,60.0,2
0.0,0.227272727,0.227272727,0.0,0.0,0.0,0.0,0.090909091,0.0,0.227272727,0.227272727,0.0,0.0,0.0,0.0,0.0,0.0,0.0,0.0,0.0,0.0,0.0,0.0,0.0,0.0,5.0,8.327142669,-12.76859504,13.01133249,541.0069404,2080.935735,2.398838096,6.235777745,0.224942601,6.272727273,1,1200.0,120.0,1200.0,3
0.0,0.227272727,0.227272727,0.0,0.0,0.0,0.0,0.090909091,0.0,0.227272727,0.227272727,0.0,0.0,0.0,0.0,0.0,0.0,0.0,0.0,0.0,0.0,0.0,0.0,0.0,0.0,5.0,8.327142669,-12.76859504,13.01133249,541.0069404,2080.935735,2.398838096,6.235777745,0.224942601,6.272727273,1,1200.0,120.0,1200.0,3
0.0,0.227272727,0.227272727,0.0,0.0,0.0,0.0,0.090909091,0.0,0.227272727,0.227272727,0.0,0.0,0.0,0.0,0.0,0.0,0.0,0.0,0.0,0.0,0.0,0.0,0.0,0.0,5.0,8.327142669,-12.76859504,13.01133249,541.0069404,2080.935735,2.398838096,6.235777745,0.224942601,6.272727273,1,1200.0,120.0,1200.0,3
0.0,0.235294118,0.235294118,0.235294118,0.235294118,0.0,0.0,0.0,0.0,0.058823529,0.0,0.0,0.0,0.0,0.0,0.0,0.0,0.0,0.0,0.0,0.0,0.0,0.0,0.0,0.0,5.0,8.220116521,-7.640138408,12.70837022,421.4119843,1619.028721,3.147391633,3.422566258,0.107142824,8.058823529,1,1200.0,120.0,10080.0,3
0.12745098,0.0,0.0,0.352941176,0.176470588,0.0,0.323529412,0.019607843,0.0,0.0,0.0,0.0,0.0,0.0,0.0,0.0,0.0,0.0,0.0,0.0,0.0,0.0,0.0,0.0,0.0,5.0,6.924875452,-10.87543253,11.46079052,341.2440474,1304.794503,1.662875602,5.55053626,0.148891199,7.31372549,1,1200.0,120.0,1440.0,3
0.125,0.0,0.0,0.346153846,0.173076923,0.0,0.317307692,0.038461538,0.0,0.0,0.0,0.0,0.0,0.0,0.0,0.0,0.0,0.0,0.0,0.0,0.0,0.0,0.0,0.0,0.0,5.0,6.861238055,-11.8635355,11.80885555,342.0813631,1309.742822,1.575597147,5.723897154,0.149505967,7.25,1,1200.0,120.0,1440.0,3
0.125,0.0,0.0,0.346153846,0.173076923,0.0,0.317307692,0.038461538,0.0,0.0,0.0,0.0,0.0,0.0,0.0,0.0,0.0,0.0,0.0,0.0,0.0,0.0,0.0,0.0,0.0,5.0,6.861238055,-11.8635355,11.80885555,342.0813631,1309.742822,1.575597147,5.723897154,0.149505967,7.25,1,1200.0,120.0,1200.0,3
0.25,0.0,0.0,0.0,0.25,0.25,0.0,0.25,0.0,0.0,0.0,0.0,0.0,0.0,0.0,0.0,0.0,0.0,0.0,0.0,0.0,0.0,0.0,0.0,0.0,4.0,5.758848377,-23.25,11.52629192,317.4058316,1214.0,0.737261292,6.924399486,0.166883193,7.0,1,1200.0,120.0,30.0,2
0.25,0.0,0.0,0.0,0.25,0.25,0.0,0.25,0.0,0.0,0.0,0.0,0.0,0.0,0.0,0.0,0.0,0.0,0.0,0.0,0.0,0.0,0.0,0.0,0.0,4.0,5.758848377,-23.25,11.52629192,317.4058316,1214.0,0.737261292,6.924399486,0.166883193,7.0,1,1200.0,120.0,30.0,2
0.25,0.0,0.0,0.0,0.25,0.25,0.0,0.25,0.0,0.0,0.0,0.0,0.0,0.0,0.0,0.0,0.0,0.0,0.0,0.0,0.0,0.0,0.0,0.0,0.0,4.0,5.758848377,-23.25,11.52629192,317.4058316,1214.0,0.737261292,6.924399486,0.166883193,7.0,1,1200.0,120.0,30.0,2
0.25,0.0,0.0,0.0,0.25,0.25,0.0,0.25,0.0,0.0,0.0,0.0,0.0,0.0,0.0,0.0,0.0,0.0,0.0,0.0,0.0,0.0,0.0,0.0,0.0,4.0,5.758848377,-23.25,11.52629192,317.4058316,1214.0,0.737261292,6.924399486,0.166883193,7.0,1,1200.0,120.0,30.0,2
0.225,0.0,0.0,0.15,0.2,0.2,0.0,0.225,0.0,0.0,0.0,0.0,0.0,0.0,0.0,0.0,0.0,0.0,0.0,0.0,0.0,0.0,0.0,0.0,0.0,5.0,5.896768301,-19.955,13.29971261,314.8955816,1212.611429,0.990238037,7.168103603,0.157765451,6.975,1,1200.0,120.0,30.0,2
0.225,0.0,0.0,0.15,0.2,0.2,0.0,0.225,0.0,0.0,0.0,0.0,0.0,0.0,0.0,0.0,0.0,0.0,0.0,0.0,0.0,0.0,0.0,0.0,0.0,5.0,5.896768301,-19.955,13.29971261,314.8955816,1212.611429,0.990238037,7.168103603,0.157765451,6.975,1,1200.0,120.0,30.0,2
0.225,0.0,0.0,0.15,0.2,0.2,0.0,0.225,0.0,0.0,0.0,0.0,0.0,0.0,0.0,0.0,0.0,0.0,0.0,0.0,0.0,0.0,0.0,0.0,0.0,5.0,5.896768301,-19.955,13.29971261,314.8955816,1212.611429,0.990238037,7.168103603,0.157765451,6.975,1,1200.0,120.0,30.0,2
0.225,0.0,0.0,0.15,0.2,0.2,0.0,0.225,0.0,0.0,0.0,0.0,0.0,0.0,0.0,0.0,0.0,0.0,0.0,0.0,0.0,0.0,0.0,0.0,0.0,5.0,5.896768301,-19.955,13.29971261,314.8955816,1212.611429,0.990238037,7.168103603,0.157765451,6.975,1,1200.0,120.0,30.0,2
0.2,0.0,0.0,0.2,0.2,0.2,0.0,0.2,0.0,0.0,0.0,0.0,0.0,0.0,0.0,0.0,0.0,0.0,0.0,0.0,0.0,0.0,0.0,0.0,0.0,5.0,6.121404056,-17.6,13.38161053,320.041837,1232.807266,1.145007591,7.162214461,0.153544782,7.2,1,1200.0,120.0,30.0,2
0.2,0.0,0.0,0.2,0.2,0.2,0.0,0.2,0.0,0.0,0.0,0.0,0.0,0.0,0.0,0.0,0.0,0.0,0.0,0.0,0.0,0.0,0.0,0.0,0.0,5.0,6.121404056,-17.6,13.38161053,320.041837,1232.807266,1.145007591,7.162214461,0.153544782,7.2,1,1200.0,120.0,30.0,2
0.2,0.0,0.0,0.2,0.2,0.2,0.0,0.2,0.0,0.0,0.0,0.0,0.0,0.0,0.0,0.0,0.0,0.0,0.0,0.0,0.0,0.0,0.0,0.0,0.0,5.0,6.121404056,-17.6,13.38161053,320.041837,1232.807266,1.145007591,7.162214461,0.153544782,7.2,1,1200.0,120.0,30.0,2
0.2,0.0,0.0,0.2,0.2,0.2,0.0,0.2,0.0,0.0,0.0,0.0,0.0,0.0,0.0,0.0,0.0,0.0,0.0,0.0,0.0,0.0,0.0,0.0,0.0,5.0,6.121404056,-17.6,13.38161053,320.041837,1232.807266,1.145007591,7.162214461,0.153544782,7.2,1,1200.0,120.0,30.0,2
0.0,0.0,0.0,0.0,0.0,0.0,0.0,0.2,0.0,0.2,0.0,0.2,0.2,0.2,0.0,0.0,0.0,0.0,0.0,0.0,0.0,0.0,0.0,0.0,0.0,5.0,9.9,2.72,13.38,655.02398,2523.0,12.41,4.01,0.12,4.4,1,1200.0,1400.0,240.0,1
0.0,0.0,0.0,0.0,0.0,0.0,0.0,0.2,0.0,0.2,0.0,0.2,0.2,0.2,0.0,0.0,0.0,0.0,0.0,0.0,0.0,0.0,0.0,0.0,0.0,5.0,9.9,2.72,13.38,655.02398,2523.0,12.41,4.01,0.12,4.4,1,1200.0,1400.0,960.0,1
0.0,0.0,0.0,0.0,0.0,0.0,0.0,0.2,0.0,0.2,0.0,0.2,0.2,0.2,0.0,0.0,0.0,0.0,0.0,0.0,0.0,0.0,0.0,0.0,0.0,5.0,9.9,2.72,13.38,655.02398,2523.0,12.41,4.01,0.12,4.4,1,1200.0,1400.0,3840.0,1
0.0,0.0,0.0,0.0,0.0,0.0,0.0,0.2,0.0,0.2,0.0,0.2,0.2,0.2,0.0,0.0,0.0,0.0,0.0,0.0,0.0,0.0,0.0,0.0,0.0,5.0,9.9,2.72,13.38,655.02398,2523.0,12.41,4.01,0.12,4.4,1,1200.0,1400.0,15360.0,1
0.0,0.0,0.0,0.0,0.0,0.0,0.0,0.2,0.0,0.2,0.0,0.2,0.2,0.2,0.0,0.0,0.0,0.0,0.0,0.0,0.0,0.0,0.0,0.0,0.0,5.0,9.9,2.72,13.38,655.02398,2523.0,12.41,4.01,0.12,4.4,1,1200.0,1400.0,30.0,1
0.0,0.0,0.0,0.0,0.0,0.0,0.0,0.2,0.0,0.2,0.0,0.2,0.2,0.2,0.0,0.0,0.0,0.0,0.0,0.0,0.0,0.0,0.0,0.0,0.0,5.0,9.9,2.72,13.38,655.02398,2523.0,12.41,4.01,0.12,4.4,1,1200.0,1400.0,60.0,1
0.0,0.0,0.0,0.0,0.0,0.0,0.0,0.2,0.0,0.2,0.0,0.2,0.2,0.2,0.0,0.0,0.0,0.0,0.0,0.0,0.0,0.0,0.0,0.0,0.0,5.0,9.9,2.72,13.38,655.02398,2523.0,12.41,4.01,0.12,4.4,1,1200.0,1400.0,120.0,1
0.0,0.199600798,0.199600798,0.199600798,0.199600798,0.0,0.199600798,0.0,0.0,0.0,0.0,0.0,0.0,0.0,0.0,0.001996008,0.0,0.0,0.0,0.0,0.0,0.0,0.0,0.0,0.0,6.0,8.017003668,-4.554563528,13.47464902,386.5139946,1489.328683,5.214282666,3.704143663,0.142584003,7.992015968,1,1000.0,1440.0,30.0,2
0.0,0.199600798,0.199600798,0.199600798,0.199600798,0.0,0.199600798,0.0,0.0,0.0,0.0,0.0,0.0,0.0,0.0,0.001996008,0.0,0.0,0.0,0.0,0.0,0.0,0.0,0.0,0.0,6.0,8.017003668,-4.554563528,13.47464902,386.5139946,1489.328683,5.214282666,3.704143663,0.142584003,7.992015968,1,1000.0,1440.0,30.0,2
0.0,0.199600798,0.199600798,0.199600798,0.199600798,0.0,0.199600798,0.0,0.0,0.0,0.0,0.0,0.0,0.0,0.0,0.001996008,0.0,0.0,0.0,0.0,0.0,0.0,0.0,0.0,0.0,6.0,8.017003668,-4.554563528,13.47464902,386.5139946,1489.328683,5.214282666,3.704143663,0.142584003,7.992015968,1,1000.0,1440.0,30.0,2
0.0,0.199600798,0.199600798,0.199600798,0.199600798,0.0,0.199600798,0.0,0.0,0.0,0.0,0.0,0.0,0.0,0.0,0.001996008,0.0,0.0,0.0,0.0,0.0,0.0,0.0,0.0,0.0,6.0,8.017003668,-4.554563528,13.47464902,386.5139946,1489.328683,5.214282666,3.704143663,0.142584003,7.992015968,1,1000.0,1440.0,30.0,2
0.069767442,0.23255814,0.23255814,0.23255814,0.23255814,0.0,0.0,0.0,0.0,0.0,0.0,0.0,0.0,0.0,0.0,0.0,0.0,0.0,0.0,0.0,0.0,0.0,0.0,0.0,0.0,5.0,7.64,-7.27,12.83,469.9351993,1806.29,3.19,3.49,0.11,7.88,1,1150.0,2.0,3000.0,3
0.069767442,0.23255814,0.23255814,0.23255814,0.23255814,0.0,0.0,0.0,0.0,0.0,0.0,0.0,0.0,0.0,0.0,0.0,0.0,0.0,0.0,0.0,0.0,0.0,0.0,0.0,0.0,5.0,7.64,-7.27,12.83,469.9351993,1806.29,3.19,3.49,0.11,7.88,1,1200.0,120.0,4320.0,3
0.069767442,0.23255814,0.23255814,0.23255814,0.23255814,0.0,0.0,0.0,0.0,0.0,0.0,0.0,0.0,0.0,0.0,0.0,0.0,0.0,0.0,0.0,0.0,0.0,0.0,0.0,0.0,5.0,7.64,-7.27,12.83,469.9351993,1806.29,3.19,3.49,0.11,7.88,1,1200.0,120.0,4320.0,3
0.0,0.333333333,0.333333333,0.0,0.333333333,0.0,0.0,0.0,0.0,0.0,0.0,0.0,0.0,0.0,0.0,0.0,0.0,0.0,0.0,0.0,0.0,0.0,0.0,0.0,0.0,3.0,8.28,-4.89,9.13,499.23715,1892.0,3.54,1.12,0.11,8.33,1,1200.0,1440.0,60.0,2
0.0,0.333333333,0.333333333,0.0,0.333333333,0.0,0.0,0.0,0.0,0.0,0.0,0.0,0.0,0.0,0.0,0.0,0.0,0.0,0.0,0.0,0.0,0.0,0.0,0.0,0.0,3.0,8.28,-4.89,9.13,499.23715,1892.0,3.54,1.12,0.11,8.33,1,1200.0,1440.0,60.0,2
0.0,0.2,0.2,0.2,0.2,0.0,0.2,0.0,0.0,0.0,0.0,0.0,0.0,0.0,0.0,0.0,0.0,0.0,0.0,0.0,0.0,0.0,0.0,0.0,0.0,5.0,8.03,-4.16,13.38,467.623384,1801.2,5.79,0.92,0.14,8.0,1,1000.0,1441.0,900.0,2
0.0,0.2,0.2,0.2,0.2,0.0,0.2,0.0,0.0,0.0,0.0,0.0,0.0,0.0,0.0,0.0,0.0,0.0,0.0,0.0,0.0,0.0,0.0,0.0,0.0,5.0,8.03,-4.16,13.38,467.623384,1801.2,5.79,0.92,0.14,8.0,1,1000.0,1441.0,900.0,2
0.0,0.2,0.2,0.2,0.2,0.0,0.2,0.0,0.0,0.0,0.0,0.0,0.0,0.0,0.0,0.0,0.0,0.0,0.0,0.0,0.0,0.0,0.0,0.0,0.0,5.0,8.03,-4.16,13.38,467.623384,1801.2,5.79,0.92,0.14,8.0,1,1000.0,1441.0,900.0,2
0.0,0.2,0.2,0.2,0.2,0.0,0.2,0.0,0.0,0.0,0.0,0.0,0.0,0.0,0.0,0.0,0.0,0.0,0.0,0.0,0.0,0.0,0.0,0.0,0.0,5.0,8.03,-4.16,13.38,467.623384,1801.2,5.79,0.92,0.14,8.0,1,1000.0,1441.0,900.0,2
0.0,0.2,0.2,0.2,0.2,0.0,0.2,0.0,0.0,0.0,0.0,0.0,0.0,0.0,0.0,0.0,0.0,0.0,0.0,0.0,0.0,0.0,0.0,0.0,0.0,5.0,8.03,-4.16,13.38,467.623384,1801.2,5.79,0.92,0.14,8.0,1,1000.0,1441.0,900.0,2
0.0,0.2,0.2,0.2,0.2,0.0,0.2,0.0,0.0,0.0,0.0,0.0,0.0,0.0,0.0,0.0,0.0,0.0,0.0,0.0,0.0,0.0,0.0,0.0,0.0,5.0,8.03,-4.16,13.38,467.623384,1801.2,5.79,0.92,0.14,8.0,1,1000.0,1441.0,900.0,2
0.0,0.2,0.2,0.2,0.2,0.0,0.2,0.0,0.0,0.0,0.0,0.0,0.0,0.0,0.0,0.0,0.0,0.0,0.0,0.0,0.0,0.0,0.0,0.0,0.0,5.0,8.03,-4.16,13.38,467.623384,1801.2,5.79,0.92,0.14,8.0,1,1000.0,1441.0,900.0,2
0.0,0.25,0.25,0.25,0.25,0.0,0.0,0.0,0.0,0.0,0.0,0.0,0.0,0.0,0.0,0.0,0.0,0.0,0.0,0.0,0.0,0.0,0.0,0.0,0.0,4.0,8.17,-3.75,11.53,489.4027225,1871.75,5.75,1.03,0.1,8.25,1,1000.0,1441.0,900.0,2
0.0,0.25,0.25,0.25,0.25,0.0,0.0,0.0,0.0,0.0,0.0,0.0,0.0,0.0,0.0,0.0,0.0,0.0,0.0,0.0,0.0,0.0,0.0,0.0,0.0,4.0,8.17,-3.75,11.53,489.4027225,1871.75,5.75,1.03,0.1,8.25,1,1000.0,1441.0,900.0,2
0.0,0.25,0.25,0.25,0.25,0.0,0.0,0.0,0.0,0.0,0.0,0.0,0.0,0.0,0.0,0.0,0.0,0.0,0.0,0.0,0.0,0.0,0.0,0.0,0.0,4.0,8.17,-3.75,11.53,489.4027225,1871.75,5.75,1.03,0.1,8.25,1,1000.0,1441.0,900.0,2
0.0,0.25,0.25,0.25,0.25,0.0,0.0,0.0,0.0,0.0,0.0,0.0,0.0,0.0,0.0,0.0,0.0,0.0,0.0,0.0,0.0,0.0,0.0,0.0,0.0,4.0,8.17,-3.75,11.53,489.4027225,1871.75,5.75,1.03,0.1,8.25,1,1000.0,1441.0,900.0,2
0.0,0.25,0.25,0.25,0.25,0.0,0.0,0.0,0.0,0.0,0.0,0.0,0.0,0.0,0.0,0.0,0.0,0.0,0.0,0.0,0.0,0.0,0.0,0.0,0.0,4.0,8.17,-3.75,11.53,489.4027225,1871.75,5.75,1.03,0.1,8.25,1,1000.0,1441.0,900.0,2
0.0,0.25,0.25,0.25,0.25,0.0,0.0,0.0,0.0,0.0,0.0,0.0,0.0,0.0,0.0,0.0,0.0,0.0,0.0,0.0,0.0,0.0,0.0,0.0,0.0,4.0,8.17,-3.75,11.53,489.4027225,1871.75,5.75,1.03,0.1,8.25,1,1000.0,1441.0,900.0,2
0.0,0.25,0.25,0.25,0.25,0.0,0.0,0.0,0.0,0.0,0.0,0.0,0.0,0.0,0.0,0.0,0.0,0.0,0.0,0.0,0.0,0.0,0.0,0.0,0.0,4.0,8.17,-3.75,11.53,489.4027225,1871.75,5.75,1.03,0.1,8.25,1,1000.0,1441.0,900.0,2
0.0,0.05,0.02,0.4,0.26,0.0,0.27,0.0,0.0,0.0,0.0,0.0,0.0,0.0,0.0,0.0,0.0,0.0,0.0,0.0,0.0,0.0,0.0,0.0,0.0,5.0,8.030897709,-3.4172,10.79468703,374.5031969,1428.295292,5.374742309,3.715774934,0.142942331,8.26,1,1200.0,120.0,10.0,2
0.0,0.1,0.1,0.5,0.0,0.0,0.3,0.0,0.0,0.0,0.0,0.0,0.0,0.0,0.0,0.0,0.0,0.0,0.0,0.0,0.0,0.0,0.0,0.0,0.0,4.0,7.760129907,-0.92,9.713640154,388.6624044,1476.2,18.47017,3.833181374,0.132075736,7.6,1,1200.0,120.0,3.0,3
0.0,0.1,0.1,0.5,0.0,0.0,0.3,0.0,0.0,0.0,0.0,0.0,0.0,0.0,0.0,0.0,0.0,0.0,0.0,0.0,0.0,0.0,0.0,0.0,0.0,4.0,7.760129907,-0.92,9.713640154,388.6624044,1476.2,18.47017,3.833181374,0.132075736,7.6,1,1200.0,120.0,3.0,3
0.0,0.05,0.02,0.4,0.26,0.0,0.27,0.0,0.0,0.0,0.0,0.0,0.0,0.0,0.0,0.0,0.0,0.0,0.0,0.0,0.0,0.0,0.0,0.0,0.0,5.0,8.030897709,-3.4172,10.79468703,374.5031969,1428.295292,5.374742309,3.715774934,0.142942331,8.26,1,1200.0,120.0,120.0,2
0.0,0.0,0.25,0.0,0.0,0.0,0.0,0.25,0.0,0.25,0.0,0.25,0.0,0.0,0.0,0.0,0.0,0.0,0.0,0.0,0.0,0.0,0.0,0.0,0.0,4.0,6.64,-5.0,11.53,588.2371325,2249.75,5.19,7.84,0.12,4.75,1,1200.0,120.0,1400.0,3
0.08,0.17,0.17,0.17,0.33,0.08,0.0,0.0,0.0,0.0,0.0,0.0,0.0,0.0,0.0,0.0,0.0,0.0,0.0,0.0,0.0,0.0,0.0,0.0,0.0,6.0,7.736324934,-5.1292,13.91569271,365.6751229,1411.433429,4.570331696,3.985354213,0.108064795,8.33,1,1200.0,120.0,300.0,3
0.08,0.17,0.17,0.17,0.33,0.08,0.0,0.0,0.0,0.0,0.0,0.0,0.0,0.0,0.0,0.0,0.0,0.0,0.0,0.0,0.0,0.0,0.0,0.0,0.0,6.0,7.736324934,-5.1292,13.91569271,365.6751229,1411.433429,4.570331696,3.985354213,0.108064795,8.33,1,1200.0,120.0,300.0,3
0.08,0.17,0.17,0.17,0.33,0.08,0.0,0.0,0.0,0.0,0.0,0.0,0.0,0.0,0.0,0.0,0.0,0.0,0.0,0.0,0.0,0.0,0.0,0.0,0.0,6.0,7.736324934,-5.1292,13.91569271,365.6751229,1411.433429,4.570331696,3.985354213,0.108064795,8.33,1,1200.0,120.0,300.0,3
0.08,0.17,0.17,0.17,0.33,0.08,0.0,0.0,0.0,0.0,0.0,0.0,0.0,0.0,0.0,0.0,0.0,0.0,0.0,0.0,0.0,0.0,0.0,0.0,0.0,6.0,7.736324934,-5.1292,13.91569271,365.6751229,1411.433429,4.570331696,3.985354213,0.108064795,8.33,1,1200.0,120.0,300.0,3
0.0,0.0,0.0,0.0,0.0,0.0,0.0,0.25,0.0,0.25,0.0,0.25,0.25,0.0,0.0,0.0,0.0,0.0,0.0,0.0,0.0,0.0,0.0,0.0,0.0,4.0,8.4,2.5,11.53,609.5544375,2331.25,10.75,4.12,0.13,4.25,1,1000.0,30.0,6000.0,1
0.03,0.0,0.0,0.0,0.0,0.0,0.0,0.2425,0.0,0.2425,0.0,0.2425,0.2425,0.0,0.0,0.0,0.0,0.0,0.0,0.0,0.0,0.0,0.0,0.0,0.0,5.0,8.023425953,-14.01996054,12.1095258,496.6971104,1903.906733,1.88039935,4.645486222,0.124723309,3.983957219,1,1000.0,30.0,6000.0,1
0.05,0.0,0.0,0.0,0.0,0.0,0.0,0.2375,0.0,0.2375,0.0,0.2375,0.2375,0.0,0.0,0.0,0.0,0.0,0.0,0.0,0.0,0.0,0.0,0.0,0.0,5.0,8.174381019,-6.2225,12.6005248,522.6054196,2006.961196,4.617211355,4.920843689,0.131569314,4.1875,1,1000.0,30.0,6000.0,1
0.07,0.0,0.0,0.0,0.0,0.0,0.0,0.2325,0.0,0.2325,0.0,0.2325,0.2325,0.0,0.0,0.0,0.0,0.0,0.0,0.0,0.0,0.0,0.0,0.0,0.0,5.0,8.078781404,-8.5281,12.8283229,515.9997301,1983.337556,3.394302481,4.93564939,0.132166181,4.1625,1,1000.0,30.0,6000.0,1
0.1,0.0,0.0,0.0,0.0,0.0,0.0,0.225,0.0,0.225,0.0,0.225,0.225,0.0,0.0,0.0,0.0,0.0,0.0,0.0,0.0,0.0,0.0,0.0,0.0,5.0,7.934060192,-11.79,13.07655279,506.2105319,1947.582365,2.463063953,4.952975798,0.132898222,4.125,1,1000.0,30.0,6000.0,3
0.12,0.0,0.0,0.0,0.0,0.0,0.0,0.22,0.0,0.22,0.0,0.22,0.22,0.0,0.0,0.0,0.0,0.0,0.0,0.0,0.0,0.0,0.0,0.0,0.0,5.0,7.836686778,-13.8336,13.19392083,499.7308796,1923.529714,2.095103099,4.961272793,0.133278806,4.1,1,1000.0,30.0,6000.0,3
0.037037037,0.185185185,0.185185185,0.185185185,0.37037037,0.037037037,0.0,0.0,0.0,0.0,0.0,0.0,0.0,0.0,0.0,0.0,0.0,0.0,0.0,0.0,0.0,0.0,0.0,0.0,0.0,6.0,8.04843191,-4.53223594,12.87823209,384.4714902,1478.0617,4.976023095,2.824424341,0.100776138,8.481481481,1,1200.0,1440.0,1200.0,3
0.037037037,0.185185185,0.185185185,0.185185185,0.37037037,0.037037037,0.0,0.0,0.0,0.0,0.0,0.0,0.0,0.0,0.0,0.0,0.0,0.0,0.0,0.0,0.0,0.0,0.0,0.0,0.0,6.0,8.04843191,-4.53223594,12.87823209,384.4714902,1478.0617,4.976023095,2.824424341,0.100776138,8.481481481,1,1200.0,1440.0,60.0,2
0.1,0.25,0.08,0.15,0.36,0.0,0.0,0.06,0.0,0.0,0.0,0.0,0.0,0.0,0.0,0.0,0.0,0.0,0.0,0.0,0.0,0.0,0.0,0.0,0.0,6.0,7.388644866,-13.9748,13.30361728,369.6710207,1423.527704,1.615189543,5.655462385,0.122434105,8.07,1,1220.0,1200.0,300.0,3
0.1,0.25,0.08,0.15,0.36,0.0,0.0,0.06,0.0,0.0,0.0,0.0,0.0,0.0,0.0,0.0,0.0,0.0,0.0,0.0,0.0,0.0,0.0,0.0,0.0,6.0,7.388644866,-13.9748,13.30361728,369.6710207,1423.527704,1.615189543,5.655462385,0.122434105,8.07,1,1220.0,1200.0,300.0,3
0.1,0.25,0.08,0.15,0.36,0.0,0.0,0.06,0.0,0.0,0.0,0.0,0.0,0.0,0.0,0.0,0.0,0.0,0.0,0.0,0.0,0.0,0.0,0.0,0.0,6.0,7.388644866,-13.9748,13.30361728,369.6710207,1423.527704,1.615189543,5.655462385,0.122434105,8.07,1,1220.0,1200.0,300.0,3
0.1,0.25,0.08,0.15,0.36,0.0,0.0,0.06,0.0,0.0,0.0,0.0,0.0,0.0,0.0,0.0,0.0,0.0,0.0,0.0,0.0,0.0,0.0,0.0,0.0,6.0,7.388644866,-13.9748,13.30361728,369.6710207,1423.527704,1.615189543,5.655462385,0.122434105,8.07,1,1220.0,1200.0,300.0,3
0.1,0.25,0.08,0.15,0.36,0.0,0.0,0.06,0.0,0.0,0.0,0.0,0.0,0.0,0.0,0.0,0.0,0.0,0.0,0.0,0.0,0.0,0.0,0.0,0.0,6.0,7.388644866,-13.9748,13.30361728,369.6710207,1423.527704,1.615189543,5.655462385,0.122434105,8.07,1,1220.0,1200.0,300.0,3
0.1,0.25,0.08,0.15,0.36,0.0,0.0,0.06,0.0,0.0,0.0,0.0,0.0,0.0,0.0,0.0,0.0,0.0,0.0,0.0,0.0,0.0,0.0,0.0,0.0,6.0,7.388644866,-13.9748,13.30361728,369.6710207,1423.527704,1.615189543,5.655462385,0.122434105,8.07,1,1220.0,1200.0,3000.0,3
0.1,0.25,0.08,0.15,0.36,0.0,0.0,0.06,0.0,0.0,0.0,0.0,0.0,0.0,0.0,0.0,0.0,0.0,0.0,0.0,0.0,0.0,0.0,0.0,0.0,6.0,7.388644866,-13.9748,13.30361728,369.6710207,1423.527704,1.615189543,5.655462385,0.122434105,8.07,1,1220.0,1200.0,3000.0,3
0.1,0.25,0.08,0.15,0.36,0.0,0.0,0.06,0.0,0.0,0.0,0.0,0.0,0.0,0.0,0.0,0.0,0.0,0.0,0.0,0.0,0.0,0.0,0.0,0.0,6.0,7.388644866,-13.9748,13.30361728,369.6710207,1423.527704,1.615189543,5.655462385,0.122434105,8.07,1,1220.0,1200.0,3000.0,3
0.1,0.25,0.08,0.15,0.36,0.0,0.0,0.06,0.0,0.0,0.0,0.0,0.0,0.0,0.0,0.0,0.0,0.0,0.0,0.0,0.0,0.0,0.0,0.0,0.0,6.0,7.388644866,-13.9748,13.30361728,369.6710207,1423.527704,1.615189543,5.655462385,0.122434105,8.07,1,1220.0,1200.0,3000.0,3
0.036363636,0.272727273,0.181818182,0.181818182,0.272727273,0.0,0.0,0.054545455,0.0,0.0,0.0,0.0,0.0,0.0,0.0,0.0,0.0,0.0,0.0,0.0,0.0,0.0,0.0,0.0,0.0,6.0,7.733562964,-10.02975207,13.36783889,392.8520383,1513.148704,2.38081192,4.630363442,0.116865961,8.054545455,1,1200.0,2880.0,60.0,3
0.036363636,0.272727273,0.181818182,0.181818182,0.272727273,0.0,0.0,0.054545455,0.0,0.0,0.0,0.0,0.0,0.0,0.0,0.0,0.0,0.0,0.0,0.0,0.0,0.0,0.0,0.0,0.0,6.0,7.733562964,-10.02975207,13.36783889,392.8520383,1513.148704,2.38081192,4.630363442,0.116865961,8.054545455,1,1200.0,2880.0,300.0,3
0.036363636,0.272727273,0.181818182,0.181818182,0.272727273,0.0,0.0,0.054545455,0.0,0.0,0.0,0.0,0.0,0.0,0.0,0.0,0.0,0.0,0.0,0.0,0.0,0.0,0.0,0.0,0.0,6.0,7.733562964,-10.02975207,13.36783889,392.8520383,1513.148704,2.38081192,4.630363442,0.116865961,8.054545455,1,1200.0,2880.0,1500.0,3
0.036363636,0.272727273,0.181818182,0.181818182,0.272727273,0.0,0.0,0.054545455,0.0,0.0,0.0,0.0,0.0,0.0,0.0,0.0,0.0,0.0,0.0,0.0,0.0,0.0,0.0,0.0,0.0,6.0,7.733562964,-10.02975207,13.36783889,392.8520383,1513.148704,2.38081192,4.630363442,0.116865961,8.054545455,1,1200.0,2880.0,3000.0,3
0.036363636,0.272727273,0.181818182,0.181818182,0.272727273,0.0,0.0,0.054545455,0.0,0.0,0.0,0.0,0.0,0.0,0.0,0.0,0.0,0.0,0.0,0.0,0.0,0.0,0.0,0.0,0.0,6.0,7.733562964,-10.02975207,13.36783889,392.8520383,1513.148704,2.38081192,4.630363442,0.116865961,8.054545455,1,1200.0,2880.0,6000.0,3
0.1,0.0,0.2,0.0,0.0,0.0,0.0,0.4,0.1,0.2,0.0,0.0,0.0,0.0,0.0,0.0,0.0,0.0,0.0,0.0,0.0,0.0,0.0,0.0,0.0,5.0,5.785823445,-10.96,12.22898133,463.7034701,1778.243734,2.28891019,6.018491588,0.046861498,4.6,1,1200.0,120.0,1440.0,3
0.1,0.0,0.2,0.0,0.0,0.0,0.0,0.4,0.1,0.2,0.0,0.0,0.0,0.0,0.0,0.0,0.0,0.0,0.0,0.0,0.0,0.0,0.0,0.0,0.0,5.0,5.785823445,-10.96,12.22898133,463.7034701,1778.243734,2.28891019,6.018491588,0.046861498,4.6,1,1200.0,120.0,1440.0,3
0.1,0.0,0.2,0.0,0.0,0.0,0.0,0.4,0.1,0.2,0.0,0.0,0.0,0.0,0.0,0.0,0.0,0.0,0.0,0.0,0.0,0.0,0.0,0.0,0.0,5.0,5.785823445,-10.96,12.22898133,463.7034701,1778.243734,2.28891019,6.018491588,0.046861498,4.6,1,1200.0,120.0,1440.0,3
0.1,0.0,0.2,0.0,0.0,0.0,0.0,0.4,0.1,0.2,0.0,0.0,0.0,0.0,0.0,0.0,0.0,0.0,0.0,0.0,0.0,0.0,0.0,0.0,0.0,5.0,5.785823445,-10.96,12.22898133,463.7034701,1778.243734,2.28891019,6.018491588,0.046861498,4.6,1,1200.0,120.0,1440.0,3
0.1,0.0,0.0,0.0,0.0,0.0,0.0,0.3,0.04,0.2,0.0,0.2,0.0,0.16,0.0,0.0,0.0,0.0,0.0,0.0,0.0,0.0,0.0,0.0,0.0,6.0,7.56,-8.62,13.78,587.1169034,2264.97,3.62,4.23,0.1,4.3,1,1200.0,1440.0,20.0,3
0.1,0.0,0.0,0.0,0.0,0.0,0.0,0.3,0.04,0.2,0.0,0.2,0.0,0.16,0.0,0.0,0.0,0.0,0.0,0.0,0.0,0.0,0.0,0.0,0.0,6.0,7.56,-8.62,13.78,587.1169034,2264.97,3.62,4.23,0.1,4.3,1,1200.0,1440.0,20.0,3
0.1,0.0,0.0,0.0,0.0,0.0,0.0,0.3,0.04,0.2,0.0,0.2,0.0,0.16,0.0,0.0,0.0,0.0,0.0,0.0,0.0,0.0,0.0,0.0,0.0,6.0,7.56,-8.62,13.78,587.1169034,2264.97,3.62,4.23,0.1,4.3,1,1200.0,1440.0,7200.0,3
0.1,0.0,0.0,0.0,0.0,0.0,0.0,0.3,0.04,0.2,0.0,0.2,0.0,0.16,0.0,0.0,0.0,0.0,0.0,0.0,0.0,0.0,0.0,0.0,0.0,6.0,7.56,-8.62,13.78,587.1169034,2264.97,3.62,4.23,0.1,4.3,1,1200.0,1440.0,7200.0,3
0.069767442,0.23255814,0.23255814,0.23255814,0.23255814,0.0,0.0,0.0,0.0,0.0,0.0,0.0,0.0,0.0,0.0,0.0,0.0,0.0,0.0,0.0,0.0,0.0,0.0,0.0,0.0,5.0,7.64,-7.27,12.83,469.9351993,1806.29,3.19,3.49,0.11,7.88,2,1200.0,120.0,6000.0,3
0.069767442,0.23255814,0.23255814,0.23255814,0.23255814,0.0,0.0,0.0,0.0,0.0,0.0,0.0,0.0,0.0,0.0,0.0,0.0,0.0,0.0,0.0,0.0,0.0,0.0,0.0,0.0,5.0,7.64,-7.27,12.83,469.9351993,1806.29,3.19,3.49,0.11,7.88,2,1200.0,120.0,3000.0,3
0.069767442,0.23255814,0.23255814,0.23255814,0.23255814,0.0,0.0,0.0,0.0,0.0,0.0,0.0,0.0,0.0,0.0,0.0,0.0,0.0,0.0,0.0,0.0,0.0,0.0,0.0,0.0,5.0,7.64,-7.27,12.83,469.9351993,1806.29,3.19,3.49,0.11,7.88,1,1150.0,60.0,4200.0,3
0.069767442,0.23255814,0.23255814,0.23255814,0.23255814,0.0,0.0,0.0,0.0,0.0,0.0,0.0,0.0,0.0,0.0,0.0,0.0,0.0,0.0,0.0,0.0,0.0,0.0,0.0,0.0,5.0,7.64,-7.27,12.83,469.9351993,1806.29,3.19,3.49,0.11,7.88,1,1150.0,60.0,9000.0,3
0.0,0.333333333,0.333333333,0.0,0.333333333,0.0,0.0,0.0,0.0,0.0,0.0,0.0,0.0,0.0,0.0,0.0,0.0,0.0,0.0,0.0,0.0,0.0,0.0,0.0,0.0,3.0,8.28,-4.89,9.13,499.23715,1892.0,3.54,1.12,0.11,8.33,1,1100.0,360.0,30.0,2
0.0,0.333333333,0.333333333,0.0,0.333333333,0.0,0.0,0.0,0.0,0.0,0.0,0.0,0.0,0.0,0.0,0.0,0.0,0.0,0.0,0.0,0.0,0.0,0.0,0.0,0.0,3.0,8.28,-4.89,9.13,499.23715,1892.0,3.54,1.12,0.11,8.33,1,1100.0,360.0,30.0,2
0.0,0.333333333,0.333333333,0.0,0.333333333,0.0,0.0,0.0,0.0,0.0,0.0,0.0,0.0,0.0,0.0,0.0,0.0,0.0,0.0,0.0,0.0,0.0,0.0,0.0,0.0,3.0,8.28,-4.89,9.13,499.23715,1892.0,3.54,1.12,0.11,8.33,1,1100.0,360.0,60.0,2
0.0,0.333333333,0.333333333,0.0,0.333333333,0.0,0.0,0.0,0.0,0.0,0.0,0.0,0.0,0.0,0.0,0.0,0.0,0.0,0.0,0.0,0.0,0.0,0.0,0.0,0.0,3.0,8.28,-4.89,9.13,499.23715,1892.0,3.54,1.12,0.11,8.33,1,1100.0,360.0,60.0,2
0.0,0.333333333,0.333333333,0.0,0.333333333,0.0,0.0,0.0,0.0,0.0,0.0,0.0,0.0,0.0,0.0,0.0,0.0,0.0,0.0,0.0,0.0,0.0,0.0,0.0,0.0,3.0,8.28,-4.89,9.13,499.23715,1892.0,3.54,1.12,0.11,8.33,1,1100.0,360.0,60.0,2
0.0,0.333333333,0.333333333,0.0,0.333333333,0.0,0.0,0.0,0.0,0.0,0.0,0.0,0.0,0.0,0.0,0.0,0.0,0.0,0.0,0.0,0.0,0.0,0.0,0.0,0.0,3.0,8.28,-4.89,9.13,499.23715,1892.0,3.54,1.12,0.11,8.33,1,1100.0,360.0,60.0,2
0.0,0.333333333,0.333333333,0.0,0.333333333,0.0,0.0,0.0,0.0,0.0,0.0,0.0,0.0,0.0,0.0,0.0,0.0,0.0,0.0,0.0,0.0,0.0,0.0,0.0,0.0,3.0,8.28,-4.89,9.13,499.23715,1892.0,3.54,1.12,0.11,8.33,1,1100.0,360.0,60.0,2
0.0,0.333333333,0.333333333,0.0,0.333333333,0.0,0.0,0.0,0.0,0.0,0.0,0.0,0.0,0.0,0.0,0.0,0.0,0.0,0.0,0.0,0.0,0.0,0.0,0.0,0.0,3.0,8.28,-4.89,9.13,499.23715,1892.0,3.54,1.12,0.11,8.33,1,1100.0,360.0,60.0,2
0.0,0.1,0.15,0.35,0.25,0.0,0.05,0.0,0.1,0.0,0.0,0.0,0.0,0.0,0.0,0.0,0.0,0.0,0.0,0.0,0.0,0.0,0.0,0.0,0.0,6.0,7.871764882,-6.26,13.37699643,403.4622915,1554.05548,3.904556099,2.403624139,0.113643082,7.95,1,1100.0,360.0,10.0,2
0.0,0.1,0.15,0.35,0.25,0.0,0.05,0.0,0.1,0.0,0.0,0.0,0.0,0.0,0.0,0.0,0.0,0.0,0.0,0.0,0.0,0.0,0.0,0.0,0.0,6.0,7.871764882,-6.26,13.37699643,403.4622915,1554.05548,3.904556099,2.403624139,0.113643082,7.95,1,1100.0,360.0,30.0,2
0.0,0.1,0.15,0.35,0.25,0.0,0.05,0.0,0.1,0.0,0.0,0.0,0.0,0.0,0.0,0.0,0.0,0.0,0.0,0.0,0.0,0.0,0.0,0.0,0.0,6.0,7.871764882,-6.26,13.37699643,403.4622915,1554.05548,3.904556099,2.403624139,0.113643082,7.95,1,1100.0,360.0,60.0,2
0.0,0.1,0.15,0.35,0.25,0.0,0.05,0.0,0.1,0.0,0.0,0.0,0.0,0.0,0.0,0.0,0.0,0.0,0.0,0.0,0.0,0.0,0.0,0.0,0.0,6.0,7.871764882,-6.26,13.37699643,403.4622915,1554.05548,3.904556099,2.403624139,0.113643082,7.95,1,1100.0,360.0,60.0,2
0.0,0.0,0.0,0.0,0.0,0.0,0.0,0.0,0.0,0.25,0.0,0.25,0.25,0.25,0.0,0.0,0.0,0.0,0.0,0.0,0.0,0.0,0.0,0.0,0.0,4.0,11.06,3.5,11.53,697.736195,2668.5,8.79,3.95,0.12,4.5,1,1200.0,120.0,1440.0,1
0.0,0.2,0.2,0.2,0.2,0.0,0.2,0.0,0.0,0.0,0.0,0.0,0.0,0.0,0.0,0.0,0.0,0.0,0.0,0.0,0.0,0.0,0.0,0.0,0.0,5.0,8.03,-4.16,13.38,467.623384,1801.2,5.79,0.92,0.14,8.0,1,1100.0,360.0,60.0,2
0.0,0.1,0.1,0.45,0.25,0.0,0.0,0.0,0.1,0.0,0.0,0.0,0.0,0.0,0.0,0.0,0.0,0.0,0.0,0.0,0.0,0.0,0.0,0.0,0.0,5.0,7.929630605,-5.82,11.61262282,407.5763649,1559.303243,3.656286656,1.739286365,0.092714616,8.1,1,1100.0,360.0,10.0,2
0.0,0.2,0.1,0.45,0.15,0.0,0.0,0.0,0.1,0.0,0.0,0.0,0.0,0.0,0.0,0.0,0.0,0.0,0.0,0.0,0.0,0.0,0.0,0.0,0.0,5.0,7.930000747,-5.36,11.85892612,408.475666,1564.215923,4.065146781,1.732527204,0.090138782,8.0,1,1100.0,360.0,10.0,2
0.0,0.3,0.1,0.45,0.05,0.0,0.0,0.0,0.1,0.0,0.0,0.0,0.0,0.0,0.0,0.0,0.0,0.0,0.0,0.0,0.0,0.0,0.0,0.0,0.0,5.0,7.930370606,-4.9,11.06508518,411.0116893,1569.155413,4.160258434,1.724828537,0.087384209,7.9,1,1100.0,360.0,10.0,4
0.0,0.35,0.1,0.45,0.0,0.0,0.0,0.0,0.1,0.0,0.0,0.0,0.0,0.0,0.0,0.0,0.0,0.0,0.0,0.0,0.0,0.0,0.0,0.0,0.0,4.0,7.93055543,-4.67,9.87162138,418.0273851,1588.7,3.935648451,1.720623695,0.085934568,7.85,1,1100.0,360.0,10.0,4
0.0,0.1,0.1,0.45,0.25,0.0,0.0,0.0,0.1,0.0,0.0,0.0,0.0,0.0,0.0,0.0,0.0,0.0,0.0,0.0,0.0,0.0,0.0,0.0,0.0,5.0,7.929630605,-5.82,11.61262282,407.5763649,1559.303243,3.656286656,1.739286365,0.092714616,8.1,1,1100.0,360.0,10.0,2
0.0,0.2,0.1,0.45,0.15,0.0,0.0,0.0,0.1,0.0,0.0,0.0,0.0,0.0,0.0,0.0,0.0,0.0,0.0,0.0,0.0,0.0,0.0,0.0,0.0,5.0,7.930000747,-5.36,11.85892612,408.475666,1564.215923,4.065146781,1.732527204,0.090138782,8.0,1,1100.0,360.0,10.0,2
0.0,0.3,0.1,0.45,0.05,0.0,0.0,0.0,0.1,0.0,0.0,0.0,0.0,0.0,0.0,0.0,0.0,0.0,0.0,0.0,0.0,0.0,0.0,0.0,0.0,5.0,7.930370606,-4.9,11.06508518,411.0116893,1569.155413,4.160258434,1.724828537,0.087384209,7.9,1,1100.0,360.0,10.0,4
0.0,0.35,0.1,0.45,0.0,0.0,0.0,0.0,0.1,0.0,0.0,0.0,0.0,0.0,0.0,0.0,0.0,0.0,0.0,0.0,0.0,0.0,0.0,0.0,0.0,4.0,7.93055543,-4.67,9.87162138,418.0273851,1588.7,3.935648451,1.720623695,0.085934568,7.85,1,1100.0,360.0,10.0,4
0.0,0.0,0.0,0.0,0.0,0.0,0.0,0.3,0.0,0.3,0.0,0.3,0.0,0.0,0.0,0.0,0.0,0.0,0.0,0.1,0.0,0.0,0.0,0.0,0.0,4.0,7.668517459,-8.16,10.92382327,553.4967252,2112.0,3.193009447,5.42081242,0.164890873,4.6,1,1400.0,120.0,360.0,3
0.0,0.0,0.0,0.0,0.0,0.0,0.0,0.333333333,0.0,0.333333333,0.0,0.333333333,0.0,0.0,0.0,0.0,0.0,0.0,0.0,0.0,0.0,0.0,0.0,0.0,0.0,3.0,9.975229265,3.111111111,9.134370237,626.5960266,2374.666667,7.774115706,1.064065164,0.041096093,4.666666667,1,1400.0,120.0,360.0,1
0.0,0.0,0.0,0.0,0.0,0.0,0.0,0.3,0.0,0.3,0.0,0.3,0.0,0.1,0.0,0.0,0.0,0.0,0.0,0.0,0.0,0.0,0.0,0.0,0.0,4.0,7.491418361,2.64,10.92382327,548.6853236,2093.6,9.793166188,4.991703425,0.109859001,4.4,1,1400.0,120.0,360.0,1
0.0,0.0,0.1,0.0,0.0,0.0,0.0,0.3,0.0,0.3,0.0,0.3,0.0,0.0,0.0,0.0,0.0,0.0,0.0,0.0,0.0,0.0,0.0,0.0,0.0,4.0,6.594663456,-0.96,10.92382327,518.8312471,1979.7,25.6351409,7.023519911,0.121082616,4.5,1,1400.0,120.0,360.0,1
0.0,0.0,0.0,0.0,0.0,0.0,0.0,0.3,0.0,0.3,0.0,0.3,0.0,0.0,0.0,0.0,0.0,0.0,0.0,0.1,0.0,0.0,0.0,0.0,0.0,4.0,7.668517459,-8.16,10.92382327,553.4967252,2112.0,3.193009447,5.42081242,0.164890873,4.6,1,1400.0,120.0,360.0,3
0.0,0.0,0.0,0.0,0.0,0.0,0.0,0.333333333,0.0,0.333333333,0.0,0.333333333,0.0,0.0,0.0,0.0,0.0,0.0,0.0,0.0,0.0,0.0,0.0,0.0,0.0,3.0,9.975229265,3.111111111,9.134370237,626.5960266,2374.666667,7.774115706,1.064065164,0.041096093,4.666666667,1,1400.0,120.0,360.0,1
0.0,0.0,0.0,0.0,0.0,0.0,0.0,0.3,0.0,0.3,0.0,0.3,0.0,0.1,0.0,0.0,0.0,0.0,0.0,0.0,0.0,0.0,0.0,0.0,0.0,4.0,7.491418361,2.64,10.92382327,548.6853236,2093.6,9.793166188,4.991703425,0.109859001,4.4,1,1400.0,120.0,360.0,1
0.0,0.0,0.1,0.0,0.0,0.0,0.0,0.3,0.0,0.3,0.0,0.3,0.0,0.0,0.0,0.0,0.0,0.0,0.0,0.0,0.0,0.0,0.0,0.0,0.0,4.0,6.594663456,-0.96,10.92382327,518.8312471,1979.7,25.6351409,7.023519911,0.121082616,4.5,1,1400.0,120.0,360.0,1
0.0,0.0,0.0,0.0,0.0,0.0,0.0,0.3,0.0,0.3,0.0,0.3,0.0,0.0,0.0,0.0,0.0,0.0,0.0,0.1,0.0,0.0,0.0,0.0,0.0,4.0,7.668517459,-8.16,10.92382327,553.4967252,2112.0,3.193009447,5.42081242,0.164890873,4.6,1,1400.0,120.0,360.0,3
0.0,0.0,0.0,0.0,0.0,0.0,0.0,0.333333333,0.0,0.333333333,0.0,0.333333333,0.0,0.0,0.0,0.0,0.0,0.0,0.0,0.0,0.0,0.0,0.0,0.0,0.0,3.0,9.975229265,3.111111111,9.134370237,626.5960266,2374.666667,7.774115706,1.064065164,0.041096093,4.666666667,1,1400.0,120.0,360.0,1
0.0,0.0,0.0,0.0,0.0,0.0,0.0,0.3,0.0,0.3,0.0,0.3,0.0,0.1,0.0,0.0,0.0,0.0,0.0,0.0,0.0,0.0,0.0,0.0,0.0,4.0,7.491418361,2.64,10.92382327,548.6853236,2093.6,9.793166188,4.991703425,0.109859001,4.4,1,1400.0,120.0,360.0,1
0.0,0.0,0.1,0.0,0.0,0.0,0.0,0.3,0.0,0.3,0.0,0.3,0.0,0.0,0.0,0.0,0.0,0.0,0.0,0.0,0.0,0.0,0.0,0.0,0.0,4.0,6.594663456,-0.96,10.92382327,518.8312471,1979.7,25.6351409,7.023519911,0.121082616,4.5,1,1400.0,120.0,360.0,1
0.0,0.0,0.0,0.0,0.0,0.0,0.0,0.3,0.0,0.3,0.0,0.3,0.0,0.0,0.0,0.0,0.0,0.0,0.0,0.1,0.0,0.0,0.0,0.0,0.0,4.0,7.668517459,-8.16,10.92382327,553.4967252,2112.0,3.193009447,5.42081242,0.164890873,4.6,1,1400.0,120.0,360.0,3
0.0,0.0,0.277777778,0.277777778,0.0,0.0,0.0,0.0,0.277777778,0.0,0.0,0.0,0.0,0.083333333,0.083333333,0.0,0.0,0.0,0.0,0.0,0.0,0.0,0.0,0.0,0.0,5.0,9.321052015,-5.410493827,12.31867362,556.5607513,2135.04423,5.483003895,4.551487962,0.210254842,6.194444444,1,1200.0,120.0,1500.0,1
0.0,0.0,0.25,0.25,0.0,0.0,0.0,0.0,0.25,0.0,0.0,0.0,0.0,0.0,0.25,0.0,0.0,0.0,0.0,0.0,0.0,0.0,0.0,0.0,0.0,4.0,10.65175637,-2.5,11.52629192,568.1798676,2173.0,11.2780156,3.988919302,0.293001706,6.25,1,1200.0,120.0,1500.0,3
0.0,0.25,0.25,0.25,0.25,0.0,0.0,0.0,0.0,0.0,0.0,0.0,0.0,0.0,0.0,0.0,0.0,0.0,0.0,0.0,0.0,0.0,0.0,0.0,0.0,4.0,8.17,-3.75,11.53,489.4027225,1871.75,5.75,1.03,0.1,8.25,1,1100.0,1440.0,15.0,2
0.0,0.25,0.25,0.25,0.25,0.0,0.0,0.0,0.0,0.0,0.0,0.0,0.0,0.0,0.0,0.0,0.0,0.0,0.0,0.0,0.0,0.0,0.0,0.0,0.0,4.0,8.17,-3.75,11.53,489.4027225,1871.75,5.75,1.03,0.1,8.25,1,1100.0,1440.0,60.0,2
0.0,0.25,0.25,0.25,0.25,0.0,0.0,0.0,0.0,0.0,0.0,0.0,0.0,0.0,0.0,0.0,0.0,0.0,0.0,0.0,0.0,0.0,0.0,0.0,0.0,4.0,8.17,-3.75,11.53,489.4027225,1871.75,5.75,1.03,0.1,8.25,1,1100.0,1440.0,1464.0,2
0.0,0.25,0.25,0.25,0.25,0.0,0.0,0.0,0.0,0.0,0.0,0.0,0.0,0.0,0.0,0.0,0.0,0.0,0.0,0.0,0.0,0.0,0.0,0.0,0.0,4.0,8.17,-3.75,11.53,489.4027225,1871.75,5.75,1.03,0.1,8.25,1,1100.0,1440.0,6000.0,2
0.0,0.333333333,0.333333333,0.0,0.333333333,0.0,0.0,0.0,0.0,0.0,0.0,0.0,0.0,0.0,0.0,0.0,0.0,0.0,0.0,0.0,0.0,0.0,0.0,0.0,0.0,3.0,8.28,-4.89,9.13,499.23715,1892.0,3.54,1.12,0.11,8.33,1,1200.0,120.0,60.0,2
0.0,0.333333333,0.333333333,0.0,0.333333333,0.0,0.0,0.0,0.0,0.0,0.0,0.0,0.0,0.0,0.0,0.0,0.0,0.0,0.0,0.0,0.0,0.0,0.0,0.0,0.0,3.0,8.28,-4.89,9.13,499.23715,1892.0,3.54,1.12,0.11,8.33,1,1200.0,120.0,60.0,2
0.0,0.333333333,0.333333333,0.0,0.333333333,0.0,0.0,0.0,0.0,0.0,0.0,0.0,0.0,0.0,0.0,0.0,0.0,0.0,0.0,0.0,0.0,0.0,0.0,0.0,0.0,3.0,8.28,-4.89,9.13,499.23715,1892.0,3.54,1.12,0.11,8.33,1,1200.0,120.0,60.0,2
0.0,0.2,0.2,0.2,0.2,0.0,0.2,0.0,0.0,0.0,0.0,0.0,0.0,0.0,0.0,0.0,0.0,0.0,0.0,0.0,0.0,0.0,0.0,0.0,0.0,5.0,8.03,-4.16,13.38,467.623384,1801.2,5.79,0.92,0.14,8.0,1,1200.0,2880.0,60.0,2
0.0,0.26,0.185,0.185,0.185,0.0,0.185,0.0,0.0,0.0,0.0,0.0,0.0,0.0,0.0,0.0,0.0,0.0,0.0,0.0,0.0,0.0,0.0,0.0,0.0,5.0,8.08813992,-4.1144,13.29411604,386.8108101,1489.434581,5.695120543,3.165958789,0.136417732,8.075,1,1000.0,1440.0,60.0,2
0.0,0.2,0.26,0.2,0.14,0.0,0.2,0.0,0.0,0.0,0.0,0.0,0.0,0.0,0.0,0.0,0.0,0.0,0.0,0.0,0.0,0.0,0.0,0.0,0.0,5.0,7.924909869,-3.7232,13.22962036,391.7481361,1508.06978,6.329195708,3.262141651,0.135458481,7.76,1,1000.0,1440.0,60.0,4
0.0,0.2,0.2,0.2,0.2,0.0,0.2,0.0,0.0,0.0,0.0,0.0,0.0,0.0,0.0,0.0,0.0,0.0,0.0,0.0,0.0,0.0,0.0,0.0,0.0,5.0,8.03,-4.16,13.38,467.623384,1801.2,5.79,0.92,0.14,8.0,1,1000.0,1440.0,60.0,2
0.0,0.25,0.25,0.25,0.25,0.0,0.0,0.0,0.0,0.0,0.0,0.0,0.0,0.0,0.0,0.0,0.0,0.0,0.0,0.0,0.0,0.0,0.0,0.0,0.0,4.0,8.17,-3.75,11.53,489.4027225,1871.75,5.75,1.03,0.1,8.25,1,1000.0,1440.0,60.0,4
0.0,0.26,0.185,0.185,0.185,0.0,0.185,0.0,0.0,0.0,0.0,0.0,0.0,0.0,0.0,0.0,0.0,0.0,0.0,0.0,0.0,0.0,0.0,0.0,0.0,5.0,8.08813992,-4.1144,13.29411604,386.8108101,1489.434581,5.695120543,3.165958789,0.136417732,8.075,1,1000.0,1440.0,60.0,3
0.0,0.2,0.26,0.2,0.14,0.0,0.2,0.0,0.0,0.0,0.0,0.0,0.0,0.0,0.0,0.0,0.0,0.0,0.0,0.0,0.0,0.0,0.0,0.0,0.0,5.0,7.924909869,-3.7232,13.22962036,391.7481361,1508.06978,6.329195708,3.262141651,0.135458481,7.76,1,1000.0,1440.0,60.0,3
0.0,0.2,0.2,0.2,0.2,0.0,0.2,0.0,0.0,0.0,0.0,0.0,0.0,0.0,0.0,0.0,0.0,0.0,0.0,0.0,0.0,0.0,0.0,0.0,0.0,5.0,8.03,-4.16,13.38,467.623384,1801.2,5.79,0.92,0.14,8.0,1,1000.0,1440.0,60.0,3
0.0,0.25,0.25,0.25,0.25,0.0,0.0,0.0,0.0,0.0,0.0,0.0,0.0,0.0,0.0,0.0,0.0,0.0,0.0,0.0,0.0,0.0,0.0,0.0,0.0,4.0,8.17,-3.75,11.53,489.4027225,1871.75,5.75,1.03,0.1,8.25,1,1000.0,1440.0,60.0,3
0.016,0.0,0.0,0.7004,0.0,0.0,0.28,0.0,0.0,0.0,0.0,0.0,0.0,0.0,0.0,0.0008,0.0,0.0,0.0028,0.0,0.0,0.0,0.0,0.0,0.0,5.0,7.600816047,-1.42603584,5.77166321,381.3772677,1427.164118,6.881762834,4.314574455,0.128723899,7.6256,1,1000.0,1440.0,60.0,3
0.016008004,0.0,0.0,0.730665333,0.0,0.0,0.250125063,0.0,0.0,0.0,0.0,0.0,0.0,0.0,0.0,0.0008004,0.0,0.0,0.002401201,0.0,0.0,0.0,0.0,0.0,0.0,5.0,7.617485589,-1.347568351,5.506526269,384.2598339,1436.525445,6.986193124,4.212506036,0.124537702,7.657028514,1,1000.0,1440.0,60.0,3
0.041,0.0,0.0,0.6825,0.0,0.0,0.27,0.0,0.0,0.0005,0.0,0.0,0.0,0.0,0.0,0.0008,0.0,0.0,0.0052,0.0,0.0,0.0,0.0,0.0,0.0,6.0,7.410532259,-3.05526096,6.502275483,375.1120758,1407.573486,3.576953739,4.698428729,0.128831083,7.4995,1,1000.0,1440.0,60.0,3
0.098039216,0.0,0.176470588,0.196078431,0.490196078,0.0,0.0,0.0,0.039215686,0.0,0.0,0.0,0.0,0.0,0.0,0.0,0.0,0.0,0.0,0.0,0.0,0.0,0.0,0.0,0.0,5.0,7.428940236,-10.99730873,11.05609168,379.6347552,1449.33988,1.731696954,4.444703117,0.118924761,8.019607843,1,1200.0,1440.0,60.0,3
0.098039216,0.0,0.176470588,0.196078431,0.490196078,0.0,0.0,0.0,0.039215686,0.0,0.0,0.0,0.0,0.0,0.0,0.0,0.0,0.0,0.0,0.0,0.0,0.0,0.0,0.0,0.0,5.0,7.428940236,-10.99730873,11.05609168,379.6347552,1449.33988,1.731696954,4.444703117,0.118924761,8.019607843,1,1200.0,1440.0,60.0,3
0.0,0.23255814,0.23255814,0.23255814,0.23255814,0.0,0.0,0.0,0.0,0.0,0.069767442,0.0,0.0,0.0,0.0,0.0,0.0,0.0,0.0,0.0,0.0,0.0,0.0,0.0,0.0,5.0,8.374393129,-4.153596539,12.82599837,426.2309224,1638.269287,5.902321137,2.377731963,0.127279646,8.093023256,1,500.0,240.0,60.0,3
0.0,0.23255814,0.23255814,0.23255814,0.23255814,0.0,0.0,0.0,0.0,0.0,0.069767442,0.0,0.0,0.0,0.0,0.0,0.0,0.0,0.0,0.0,0.0,0.0,0.0,0.0,0.0,5.0,8.374393129,-4.153596539,12.82599837,426.2309224,1638.269287,5.902321137,2.377731963,0.127279646,8.093023256,1,500.0,240.0,300.0,3
0.0,0.1,0.1,0.45,0.25,0.0,0.0,0.0,0.1,0.0,0.0,0.0,0.0,0.0,0.0,0.0,0.0,0.0,0.0,0.0,0.0,0.0,0.0,0.0,0.0,5.0,7.929630605,-5.82,11.61262282,407.5763649,1559.303243,3.656286656,1.739286365,0.092714616,8.1,1,1100.0,360.0,10.0,2
0.0,0.2,0.1,0.45,0.15,0.0,0.0,0.0,0.1,0.0,0.0,0.0,0.0,0.0,0.0,0.0,0.0,0.0,0.0,0.0,0.0,0.0,0.0,0.0,0.0,5.0,7.930000747,-5.36,11.85892612,408.475666,1564.215923,4.065146781,1.732527204,0.090138782,8.0,1,1100.0,360.0,10.0,3
0.0,0.3,0.1,0.45,0.05,0.0,0.0,0.0,0.1,0.0,0.0,0.0,0.0,0.0,0.0,0.0,0.0,0.0,0.0,0.0,0.0,0.0,0.0,0.0,0.0,5.0,7.930370606,-4.9,11.06508518,411.0116893,1569.155413,4.160258434,1.724828537,0.087384209,7.9,1,1100.0,360.0,10.0,3
0.0,0.35,0.1,0.45,0.0,0.0,0.0,0.0,0.1,0.0,0.0,0.0,0.0,0.0,0.0,0.0,0.0,0.0,0.0,0.0,0.0,0.0,0.0,0.0,0.0,4.0,7.93055543,-4.67,9.87162138,418.0273851,1588.7,3.935648451,1.720623695,0.085934568,7.85,1,1100.0,360.0,10.0,3
0.0,0.34,0.2,0.06,0.34,0.0,0.0,0.0,0.0,0.0,0.06,0.0,0.0,0.0,0.0,0.0,0.0,0.0,0.0,0.0,0.0,0.0,0.0,0.0,0.0,5.0,8.587067955,-4.2928,11.58277271,419.0245945,1602.912293,5.061964947,2.18471415,0.120166551,8.5,1,1200.0,2880.0,3.0,2
0.0,0.34,0.2,0.06,0.34,0.0,0.0,0.0,0.0,0.0,0.06,0.0,0.0,0.0,0.0,0.0,0.0,0.0,0.0,0.0,0.0,0.0,0.0,0.0,0.0,5.0,8.587067955,-4.2928,11.58277271,419.0245945,1602.912293,5.061964947,2.18471415,0.120166551,8.5,1,1200.0,2880.0,60.0,2
0.0,0.34,0.2,0.06,0.34,0.0,0.0,0.0,0.0,0.0,0.06,0.0,0.0,0.0,0.0,0.0,0.0,0.0,0.0,0.0,0.0,0.0,0.0,0.0,0.0,5.0,8.587067955,-4.2928,11.58277271,419.0245945,1602.912293,5.061964947,2.18471415,0.120166551,8.5,1,1200.0,2880.0,60.0,2
0.0,0.34,0.2,0.06,0.34,0.0,0.0,0.0,0.0,0.0,0.06,0.0,0.0,0.0,0.0,0.0,0.0,0.0,0.0,0.0,0.0,0.0,0.0,0.0,0.0,5.0,8.587067955,-4.2928,11.58277271,419.0245945,1602.912293,5.061964947,2.18471415,0.120166551,8.5,1,1200.0,2880.0,60.0,2
0.0,0.34,0.2,0.06,0.34,0.0,0.0,0.0,0.0,0.0,0.06,0.0,0.0,0.0,0.0,0.0,0.0,0.0,0.0,0.0,0.0,0.0,0.0,0.0,0.0,5.0,8.587067955,-4.2928,11.58277271,419.0245945,1602.912293,5.061964947,2.18471415,0.120166551,8.5,1,1200.0,2880.0,60.0,2
0.05,0.0,0.0,0.0,0.0,0.0,0.0,0.4,0.05,0.24,0.0,0.26,0.0,0.0,0.0,0.0,0.0,0.0,0.0,0.0,0.0,0.0,0.0,0.0,0.0,5.0,6.068935026,-6.8576,11.29799536,491.5373168,1878.25911,3.544477681,5.289095698,0.109284766,4.24,1,1200.0,120.0,60.0,1
0.05,0.0,0.0,0.0,0.0,0.0,0.0,0.4,0.05,0.24,0.0,0.26,0.0,0.0,0.0,0.0,0.0,0.0,0.0,0.0,0.0,0.0,0.0,0.0,0.0,5.0,6.068935026,-6.8576,11.29799536,491.5373168,1878.25911,3.544477681,5.289095698,0.109284766,4.24,1,1200.0,120.0,60.0,3
0.05,0.0,0.0,0.0,0.0,0.0,0.0,0.4,0.05,0.24,0.0,0.26,0.0,0.0,0.0,0.0,0.0,0.0,0.0,0.0,0.0,0.0,0.0,0.0,0.0,5.0,6.068935026,-6.8576,11.29799536,491.5373168,1878.25911,3.544477681,5.289095698,0.109284766,4.24,1,1200.0,120.0,60.0,1
0.069767442,0.23255814,0.23255814,0.23255814,0.23255814,0.0,0.0,0.0,0.0,0.0,0.0,0.0,0.0,0.0,0.0,0.0,0.0,0.0,0.0,0.0,0.0,0.0,0.0,0.0,0.0,5.0,7.64,-7.27,12.83,469.9351993,1806.29,3.19,3.49,0.11,7.88,1,1200.0,120.0,3000.0,3
0.069767442,0.23255814,0.23255814,0.23255814,0.23255814,0.0,0.0,0.0,0.0,0.0,0.0,0.0,0.0,0.0,0.0,0.0,0.0,0.0,0.0,0.0,0.0,0.0,0.0,0.0,0.0,5.0,7.64,-7.27,12.83,469.9351993,1806.29,3.19,3.49,0.11,7.88,1,1150.0,600.0,3000.0,3
0.069767442,0.23255814,0.23255814,0.23255814,0.23255814,0.0,0.0,0.0,0.0,0.0,0.0,0.0,0.0,0.0,0.0,0.0,0.0,0.0,0.0,0.0,0.0,0.0,0.0,0.0,0.0,5.0,7.64,-7.27,12.83,469.9351993,1806.29,3.19,3.49,0.11,7.88,1,1200.0,120.0,1440.0,3
0.069767442,0.23255814,0.23255814,0.23255814,0.23255814,0.0,0.0,0.0,0.0,0.0,0.0,0.0,0.0,0.0,0.0,0.0,0.0,0.0,0.0,0.0,0.0,0.0,0.0,0.0,0.0,5.0,7.64,-7.27,12.83,469.9351993,1806.29,3.19,3.49,0.11,7.88,1,1200.0,120.0,3000.0,3
0.128382382,0.0,0.0,0.355520442,0.177760221,0.0,0.325893739,0.0,0.0,0.0,0.0,0.0,0.0,0.0,0.0,0.012443215,0.0,0.0,0.0,0.0,0.0,0.0,0.0,0.0,0.0,5.0,6.9501179,-12.0861034,11.29290282,340.7477765,1302.065806,1.471835746,7.007133,0.173422991,7.337941932,1,1200.0,120.0,60.0,3
0.128382382,0.0,0.0,0.355520442,0.177760221,0.0,0.325893739,0.0,0.0,0.0,0.0,0.0,0.0,0.0,0.0,0.012443215,0.0,0.0,0.0,0.0,0.0,0.0,0.0,0.0,0.0,5.0,6.9501179,-12.0861034,11.29290282,340.7477765,1302.065806,1.471835746,7.007133,0.173422991,7.337941932,1,1100.0,240.0,240.0,3
0.13,0.0,0.0,0.36,0.18,0.0,0.33,0.0,0.0,0.0,0.0,0.0,0.0,0.0,0.0,0.0,0.0,0.0,0.0,0.0,0.0,0.0,0.0,0.0,0.0,4.0,6.992100479,-9.798,10.87153784,343.5855689,1310.79,1.757487614,5.351956687,0.148163558,7.38,1,1200.0,120.0,60.0,3
0.13,0.0,0.0,0.36,0.18,0.0,0.33,0.0,0.0,0.0,0.0,0.0,0.0,0.0,0.0,0.0,0.0,0.0,0.0,0.0,0.0,0.0,0.0,0.0,0.0,4.0,6.992100479,-9.798,10.87153784,343.5855689,1310.79,1.757487614,5.351956687,0.148163558,7.38,1,1100.0,240.0,240.0,3
0.074183976,0.0,0.059347181,0.399604352,0.111770524,0.0,0.34421365,0.0,0.0,0.0,0.0,0.0,0.0,0.0,0.0,0.010880317,0.0,0.0,0.0,0.0,0.0,0.0,0.0,0.0,0.0,6.0,7.21529413,-8.1781746,11.54335869,355.5740424,1360.004545,2.305170731,6.453990904,0.165555851,7.346191889,1,1100.0,120.0,18720.0,2
0.074183976,0.0,0.059347181,0.399604352,0.111770524,0.0,0.34421365,0.0,0.0,0.0,0.0,0.0,0.0,0.0,0.0,0.010880317,0.0,0.0,0.0,0.0,0.0,0.0,0.0,0.0,0.0,6.0,7.21529413,-8.1781746,11.54335869,355.5740424,1360.004545,2.305170731,6.453990904,0.165555851,7.346191889,1,1100.0,120.0,60480.0,2
0.074183976,0.0,0.059347181,0.399604352,0.111770524,0.0,0.34421365,0.0,0.0,0.0,0.0,0.0,0.0,0.0,0.0,0.010880317,0.0,0.0,0.0,0.0,0.0,0.0,0.0,0.0,0.0,6.0,7.21529413,-8.1781746,11.54335869,355.5740424,1360.004545,2.305170731,6.453990904,0.165555851,7.346191889,1,1100.0,120.0,1440.0,2
0.074183976,0.0,0.059347181,0.399604352,0.111770524,0.0,0.34421365,0.0,0.0,0.0,0.0,0.0,0.0,0.0,0.0,0.010880317,0.0,0.0,0.0,0.0,0.0,0.0,0.0,0.0,0.0,6.0,7.21529413,-8.1781746,11.54335869,355.5740424,1360.004545,2.305170731,6.453990904,0.165555851,7.346191889,1,1100.0,120.0,1440.0,2
0.074183976,0.0,0.059347181,0.399604352,0.111770524,0.0,0.34421365,0.0,0.0,0.0,0.0,0.0,0.0,0.0,0.0,0.010880317,0.0,0.0,0.0,0.0,0.0,0.0,0.0,0.0,0.0,6.0,7.21529413,-8.1781746,11.54335869,355.5740424,1360.004545,2.305170731,6.453990904,0.165555851,7.346191889,1,1100.0,120.0,240.0,2
0.074183976,0.0,0.059347181,0.399604352,0.111770524,0.0,0.34421365,0.0,0.0,0.0,0.0,0.0,0.0,0.0,0.0,0.010880317,0.0,0.0,0.0,0.0,0.0,0.0,0.0,0.0,0.0,6.0,7.21529413,-8.1781746,11.54335869,355.5740424,1360.004545,2.305170731,6.453990904,0.165555851,7.346191889,1,1100.0,120.0,1440.0,2
0.21,0.0,0.0,0.28,0.18,0.0,0.33,0.0,0.0,0.0,0.0,0.0,0.0,0.0,0.0,0.0,0.0,0.0,0.0,0.0,0.0,0.0,0.0,0.0,0.0,4.0,6.482580111,-13.4844,11.29676653,324.7052707,1240.79,1.268326861,5.708363976,0.14752071,6.98,1,1200.0,120.0,15.0,3
0.21,0.0,0.0,0.28,0.18,0.0,0.33,0.0,0.0,0.0,0.0,0.0,0.0,0.0,0.0,0.0,0.0,0.0,0.0,0.0,0.0,0.0,0.0,0.0,0.0,4.0,6.482580111,-13.4844,11.29676653,324.7052707,1240.79,1.268326861,5.708363976,0.14752071,6.98,1,1200.0,120.0,30.0,3
0.21,0.0,0.0,0.28,0.18,0.0,0.33,0.0,0.0,0.0,0.0,0.0,0.0,0.0,0.0,0.0,0.0,0.0,0.0,0.0,0.0,0.0,0.0,0.0,0.0,4.0,6.482580111,-13.4844,11.29676653,324.7052707,1240.79,1.268326861,5.708363976,0.14752071,6.98,1,1200.0,120.0,45.0,3
0.21,0.0,0.0,0.28,0.18,0.0,0.33,0.0,0.0,0.0,0.0,0.0,0.0,0.0,0.0,0.0,0.0,0.0,0.0,0.0,0.0,0.0,0.0,0.0,0.0,4.0,6.482580111,-13.4844,11.29676653,324.7052707,1240.79,1.268326861,5.708363976,0.14752071,6.98,1,1200.0,120.0,180.0,3
0.21,0.0,0.0,0.28,0.18,0.0,0.33,0.0,0.0,0.0,0.0,0.0,0.0,0.0,0.0,0.0,0.0,0.0,0.0,0.0,0.0,0.0,0.0,0.0,0.0,4.0,6.482580111,-13.4844,11.29676653,324.7052707,1240.79,1.268326861,5.708363976,0.14752071,6.98,1,1200.0,120.0,300.0,3
0.21,0.0,0.0,0.28,0.18,0.0,0.33,0.0,0.0,0.0,0.0,0.0,0.0,0.0,0.0,0.0,0.0,0.0,0.0,0.0,0.0,0.0,0.0,0.0,0.0,4.0,6.482580111,-13.4844,11.29676653,324.7052707,1240.79,1.268326861,5.708363976,0.14752071,6.98,1,1200.0,120.0,600.0,3
0.21,0.0,0.0,0.28,0.18,0.0,0.33,0.0,0.0,0.0,0.0,0.0,0.0,0.0,0.0,0.0,0.0,0.0,0.0,0.0,0.0,0.0,0.0,0.0,0.0,4.0,6.482580111,-13.4844,11.29676653,324.7052707,1240.79,1.268326861,5.708363976,0.14752071,6.98,1,1200.0,120.0,1200.0,3
0.21,0.0,0.0,0.28,0.18,0.0,0.33,0.0,0.0,0.0,0.0,0.0,0.0,0.0,0.0,0.0,0.0,0.0,0.0,0.0,0.0,0.0,0.0,0.0,0.0,4.0,6.482580111,-13.4844,11.29676653,324.7052707,1240.79,1.268326861,5.708363976,0.14752071,6.98,1,1200.0,120.0,6000.0,3
0.21,0.0,0.0,0.28,0.18,0.0,0.33,0.0,0.0,0.0,0.0,0.0,0.0,0.0,0.0,0.0,0.0,0.0,0.0,0.0,0.0,0.0,0.0,0.0,0.0,4.0,6.482580111,-13.4844,11.29676653,324.7052707,1240.79,1.268326861,5.708363976,0.14752071,6.98,1,1200.0,120.0,15000.0,3
0.0,0.0,0.0,0.0,0.0,0.0,0.0,0.0,0.0,0.25,0.25,0.0,0.0,0.25,0.25,0.0,0.0,0.0,0.0,0.0,0.0,0.0,0.0,0.0,0.0,4.0,13.64,-6.5,11.53,825.6503925,3157.75,5.6,2.27,0.36,5.5,1,1200.0,120.0,1440.0,1
0.0,0.0,0.0,0.0,0.0,0.0,0.0,0.0,0.0,0.25,0.25,0.0,0.0,0.25,0.25,0.0,0.0,0.0,0.0,0.0,0.0,0.0,0.0,0.0,0.0,4.0,13.64,-6.5,11.53,825.6503925,3157.75,5.6,2.27,0.36,5.5,1,1200.0,120.0,1440.0,1
0.0,0.0,0.0,0.0,0.0,0.0,0.0,0.0,0.2,0.2,0.2,0.0,0.0,0.2,0.2,0.0,0.0,0.0,0.0,0.0,0.0,0.0,0.0,0.0,0.0,5.0,12.36,-4.64,13.38,769.197496,2962.8,8.54,3.21,0.34,5.4,1,1200.0,120.0,1440.0,1
0.0,0.0,0.0,0.0,0.0,0.0,0.0,0.0,0.2,0.2,0.2,0.0,0.0,0.2,0.2,0.0,0.0,0.0,0.0,0.0,0.0,0.0,0.0,0.0,0.0,5.0,12.36,-4.64,13.38,769.197496,2962.8,8.54,3.21,0.34,5.4,1,1200.0,120.0,1440.0,1
0.0,0.333333333,0.333333333,0.0,0.333333333,0.0,0.0,0.0,0.0,0.0,0.0,0.0,0.0,0.0,0.0,0.0,0.0,0.0,0.0,0.0,0.0,0.0,0.0,0.0,0.0,3.0,8.28,-4.89,9.13,499.23715,1892.0,3.54,1.12,0.11,8.33,1,1200.0,2880.0,60.0,2
0.0,0.2,0.2,0.2,0.2,0.0,0.2,0.0,0.0,0.0,0.0,0.0,0.0,0.0,0.0,0.0,0.0,0.0,0.0,0.0,0.0,0.0,0.0,0.0,0.0,5.0,8.03,-4.16,13.38,467.623384,1801.2,5.79,0.92,0.14,8.0,1,1200.0,2880.0,60.0,2
0.0,0.333333333,0.333333333,0.0,0.333333333,0.0,0.0,0.0,0.0,0.0,0.0,0.0,0.0,0.0,0.0,0.0,0.0,0.0,0.0,0.0,0.0,0.0,0.0,0.0,0.0,3.0,8.28,-4.89,9.13,499.23715,1892.0,3.54,1.12,0.11,8.33,1,1200.0,1400.0,60.0,2
0.0,0.2,0.2,0.2,0.2,0.0,0.2,0.0,0.0,0.0,0.0,0.0,0.0,0.0,0.0,0.0,0.0,0.0,0.0,0.0,0.0,0.0,0.0,0.0,0.0,5.0,8.03,-4.16,13.38,467.623384,1801.2,5.79,0.92,0.14,8.0,1,1200.0,1400.0,60.0,2
0.0,0.2,0.2,0.2,0.2,0.0,0.2,0.0,0.0,0.0,0.0,0.0,0.0,0.0,0.0,0.0,0.0,0.0,0.0,0.0,0.0,0.0,0.0,0.0,0.0,5.0,8.03,-4.16,13.38,467.623384,1801.2,5.79,0.92,0.14,8.0,1,1200.0,1400.0,60.0,2
0.25,0.0,0.0,0.0,0.0,0.0,0.0,0.25,0.0,0.0,0.125,0.25,0.0,0.125,0.0,0.0,0.0,0.0,0.0,0.0,0.0,0.0,0.0,0.0,0.0,5.0,7.15,-16.84,14.53,560.6278523,2169.09,1.87,4.34,0.22,4.3,1,1400.0,120.0,1440.0,1
0.07,0.2,0.2,0.22,0.19,0.0,0.12,0.0,0.0,0.0,0.0,0.0,0.0,0.0,0.0,0.0,0.0,0.0,0.0,0.0,0.0,0.0,0.0,0.0,0.0,6.0,7.544302414,-7.5184,14.40897963,374.8877458,1449.76134,3.301951799,4.345955752,0.130196621,7.71,1,1100.0,120.0,60.0,3
0.07,0.2,0.2,0.22,0.19,0.0,0.12,0.0,0.0,0.0,0.0,0.0,0.0,0.0,0.0,0.0,0.0,0.0,0.0,0.0,0.0,0.0,0.0,0.0,0.0,6.0,7.544302414,-7.5184,14.40897963,374.8877458,1449.76134,3.301951799,4.345955752,0.130196621,7.71,1,1100.0,120.0,60.0,3
0.07,0.2,0.2,0.22,0.19,0.0,0.12,0.0,0.0,0.0,0.0,0.0,0.0,0.0,0.0,0.0,0.0,0.0,0.0,0.0,0.0,0.0,0.0,0.0,0.0,6.0,7.544302414,-7.5184,14.40897963,374.8877458,1449.76134,3.301951799,4.345955752,0.130196621,7.71,1,1100.0,120.0,60.0,3
0.0,0.238095238,0.238095238,0.238095238,0.238095238,0.0,0.0,0.047619048,0.0,0.0,0.0,0.0,0.0,0.0,0.0,0.0,0.0,0.0,0.0,0.0,0.0,0.0,0.0,0.0,0.0,5.0,7.926436279,-7.346938776,12.56917544,408.1727091,1567.326205,3.148694856,3.658435996,0.111625792,8.047619048,1,1200.0,30.0,180.0,3
0.0,0.238095238,0.238095238,0.238095238,0.238095238,0.0,0.0,0.047619048,0.0,0.0,0.0,0.0,0.0,0.0,0.0,0.0,0.0,0.0,0.0,0.0,0.0,0.0,0.0,0.0,0.0,5.0,7.926436279,-7.346938776,12.56917544,408.1727091,1567.326205,3.148694856,3.658435996,0.111625792,8.047619048,1,1200.0,30.0,300.0,3
0.0,0.238095238,0.238095238,0.238095238,0.238095238,0.0,0.0,0.047619048,0.0,0.0,0.0,0.0,0.0,0.0,0.0,0.0,0.0,0.0,0.0,0.0,0.0,0.0,0.0,0.0,0.0,5.0,7.926436279,-7.346938776,12.56917544,408.1727091,1567.326205,3.148694856,3.658435996,0.111625792,8.047619048,1,1200.0,30.0,480.0,3
0.0,0.238095238,0.238095238,0.238095238,0.238095238,0.0,0.0,0.047619048,0.0,0.0,0.0,0.0,0.0,0.0,0.0,0.0,0.0,0.0,0.0,0.0,0.0,0.0,0.0,0.0,0.0,5.0,7.926436279,-7.346938776,12.56917544,408.1727091,1567.326205,3.148694856,3.658435996,0.111625792,8.047619048,1,1200.0,30.0,600.0,3
0.0,0.238095238,0.238095238,0.238095238,0.238095238,0.0,0.0,0.047619048,0.0,0.0,0.0,0.0,0.0,0.0,0.0,0.0,0.0,0.0,0.0,0.0,0.0,0.0,0.0,0.0,0.0,5.0,7.926436279,-7.346938776,12.56917544,408.1727091,1567.326205,3.148694856,3.658435996,0.111625792,8.047619048,1,1200.0,30.0,1440.0,3
0.0,0.238095238,0.238095238,0.238095238,0.238095238,0.0,0.0,0.047619048,0.0,0.0,0.0,0.0,0.0,0.0,0.0,0.0,0.0,0.0,0.0,0.0,0.0,0.0,0.0,0.0,0.0,5.0,7.926436279,-7.346938776,12.56917544,408.1727091,1567.326205,3.148694856,3.658435996,0.111625792,8.047619048,1,1200.0,30.0,2880.0,3
0.111111111,0.222222222,0.222222222,0.222222222,0.222222222,0.0,0.0,0.0,0.0,0.0,0.0,0.0,0.0,0.0,0.0,0.0,0.0,0.0,0.0,0.0,0.0,0.0,0.0,0.0,0.0,5.0,7.33,-9.09,13.15,459.275785,1767.5,2.56,4.22,0.11,7.67,1,1200.0,120.0,10.0,4
0.0,0.27,0.2,0.2,0.13,0.0,0.2,0.0,0.0,0.0,0.0,0.0,0.0,0.0,0.0,0.0,0.0,0.0,0.0,0.0,0.0,0.0,0.0,0.0,0.0,5.0,8.025996582,-3.768,13.17352896,387.6859505,1492.110165,6.171631081,3.255827217,0.136373714,7.93,1,1200.0,600.0,60.0,2
0.0,0.23,0.2,0.2,0.17,0.0,0.2,0.0,0.0,0.0,0.0,0.0,0.0,0.0,0.0,0.0,0.0,0.0,0.0,0.0,0.0,0.0,0.0,0.0,0.0,5.0,8.096366177,-3.886419753,13.10421444,395.7894519,1522.892483,6.055888796,2.58997738,0.123693618,8.077777778,1,1200.0,600.0,60.0,2
0.165289256,0.165289256,0.165289256,0.165289256,0.330578512,0.0,0.0,0.0,0.0,0.0,0.008264463,0.0,0.0,0.0,0.0,0.0,0.0,0.0,0.0,0.0,0.0,0.0,0.0,0.0,0.0,6.0,7.083622569,-11.94453931,13.2671945,361.0007326,1389.938697,1.847247569,5.422491548,0.124400344,7.652892562,1,1250.0,120.0,120.0,3
0.165289256,0.165289256,0.165289256,0.165289256,0.330578512,0.0,0.0,0.0,0.0,0.0,0.008264463,0.0,0.0,0.0,0.0,0.0,0.0,0.0,0.0,0.0,0.0,0.0,0.0,0.0,0.0,6.0,7.083622569,-11.94453931,13.2671945,361.0007326,1389.938697,1.847247569,5.422491548,0.124400344,7.652892562,1,1250.0,120.0,480.0,3
0.165289256,0.165289256,0.165289256,0.165289256,0.330578512,0.0,0.0,0.0,0.0,0.0,0.008264463,0.0,0.0,0.0,0.0,0.0,0.0,0.0,0.0,0.0,0.0,0.0,0.0,0.0,0.0,6.0,7.083622569,-11.94453931,13.2671945,361.0007326,1389.938697,1.847247569,5.422491548,0.124400344,7.652892562,1,1250.0,120.0,4320.0,3
0.165289256,0.165289256,0.165289256,0.165289256,0.330578512,0.0,0.0,0.0,0.0,0.0,0.008264463,0.0,0.0,0.0,0.0,0.0,0.0,0.0,0.0,0.0,0.0,0.0,0.0,0.0,0.0,6.0,7.083622569,-11.94453931,13.2671945,361.0007326,1389.938697,1.847247569,5.422491548,0.124400344,7.652892562,1,1250.0,120.0,18000.0,3
0.165289256,0.165289256,0.165289256,0.165289256,0.330578512,0.0,0.0,0.0,0.0,0.0,0.008264463,0.0,0.0,0.0,0.0,0.0,0.0,0.0,0.0,0.0,0.0,0.0,0.0,0.0,0.0,6.0,7.083622569,-11.94453931,13.2671945,361.0007326,1389.938697,1.847247569,5.422491548,0.124400344,7.652892562,1,1250.0,120.0,9000.0,3
0.165289256,0.165289256,0.165289256,0.165289256,0.330578512,0.0,0.0,0.0,0.0,0.0,0.008264463,0.0,0.0,0.0,0.0,0.0,0.0,0.0,0.0,0.0,0.0,0.0,0.0,0.0,0.0,6.0,7.083622569,-11.94453931,13.2671945,361.0007326,1389.938697,1.847247569,5.422491548,0.124400344,7.652892562,1,1250.0,120.0,9000.0,3
0.0,0.0,0.0,0.0,0.0,0.0,0.0,0.349862259,0.0,0.049586777,0.0,0.275482094,0.275482094,0.049586777,0.0,0.0,0.0,0.0,0.0,0.0,0.0,0.0,0.0,0.0,0.0,5.0,8.511396386,0.980655458,11.45272946,532.8091979,2037.139276,26.98105416,4.491803564,0.114630243,4.099722992,1,1200.0,120.0,30.0,1
0.0,0.23255814,0.23255814,0.23255814,0.23255814,0.0,0.0,0.0,0.0,0.0,0.069767442,0.0,0.0,0.0,0.0,0.0,0.0,0.0,0.0,0.0,0.0,0.0,0.0,0.0,0.0,5.0,8.374393129,-4.153596539,12.82599837,426.2309224,1638.269287,5.902321137,2.377731963,0.127279646,8.093023256,1,900.0,300.0,300.0,3
0.069767442,0.23255814,0.23255814,0.23255814,0.23255814,0.0,0.0,0.0,0.0,0.0,0.0,0.0,0.0,0.0,0.0,0.0,0.0,0.0,0.0,0.0,0.0,0.0,0.0,0.0,0.0,5.0,7.64,-7.27,12.83,469.9351993,1806.29,3.19,3.49,0.11,7.88,1,1200.0,120.0,4320.0,3
0.069767442,0.23255814,0.23255814,0.23255814,0.23255814,0.0,0.0,0.0,0.0,0.0,0.0,0.0,0.0,0.0,0.0,0.0,0.0,0.0,0.0,0.0,0.0,0.0,0.0,0.0,0.0,5.0,7.64,-7.27,12.83,469.9351993,1806.29,3.19,3.49,0.11,7.88,1,1200.0,120.0,4320.0,3
0.069767442,0.23255814,0.23255814,0.23255814,0.23255814,0.0,0.0,0.0,0.0,0.0,0.0,0.0,0.0,0.0,0.0,0.0,0.0,0.0,0.0,0.0,0.0,0.0,0.0,0.0,0.0,5.0,7.64,-7.27,12.83,469.9351993,1806.29,3.19,3.49,0.11,7.88,1,1200.0,2880.0,60.0,3
0.0,0.1,0.1,0.5,0.0,0.0,0.3,0.0,0.0,0.0,0.0,0.0,0.0,0.0,0.0,0.0,0.0,0.0,0.0,0.0,0.0,0.0,0.0,0.0,0.0,4.0,7.760129907,-0.92,9.713640154,388.6624044,1476.2,18.47017,3.833181374,0.132075736,7.6,1,1200.0,120.0,3.0,4
0.0,0.1,0.1,0.5,0.0,0.0,0.3,0.0,0.0,0.0,0.0,0.0,0.0,0.0,0.0,0.0,0.0,0.0,0.0,0.0,0.0,0.0,0.0,0.0,0.0,4.0,7.760129907,-0.92,9.713640154,388.6624044,1476.2,18.47017,3.833181374,0.132075736,7.6,1,1200.0,120.0,5.0,4
0.0,0.1,0.1,0.5,0.0,0.0,0.3,0.0,0.0,0.0,0.0,0.0,0.0,0.0,0.0,0.0,0.0,0.0,0.0,0.0,0.0,0.0,0.0,0.0,0.0,4.0,7.760129907,-0.92,9.713640154,388.6624044,1476.2,18.47017,3.833181374,0.132075736,7.6,1,1200.0,120.0,30.0,4
0.069767442,0.23255814,0.23255814,0.23255814,0.23255814,0.0,0.0,0.0,0.0,0.0,0.0,0.0,0.0,0.0,0.0,0.0,0.0,0.0,0.0,0.0,0.0,0.0,0.0,0.0,0.0,5.0,7.64,-7.27,12.83,469.9351993,1806.29,3.19,3.49,0.11,7.88,1,1100.0,2880.0,60.0,3
0.069767442,0.23255814,0.23255814,0.23255814,0.23255814,0.0,0.0,0.0,0.0,0.0,0.0,0.0,0.0,0.0,0.0,0.0,0.0,0.0,0.0,0.0,0.0,0.0,0.0,0.0,0.0,5.0,7.64,-7.27,12.83,469.9351993,1806.29,3.19,3.49,0.11,7.88,1,1100.0,2880.0,60.0,3
0.069767442,0.23255814,0.23255814,0.23255814,0.23255814,0.0,0.0,0.0,0.0,0.0,0.0,0.0,0.0,0.0,0.0,0.0,0.0,0.0,0.0,0.0,0.0,0.0,0.0,0.0,0.0,5.0,7.64,-7.27,12.83,469.9351993,1806.29,3.19,3.49,0.11,7.88,1,1100.0,2880.0,60.0,3
0.069767442,0.23255814,0.23255814,0.23255814,0.23255814,0.0,0.0,0.0,0.0,0.0,0.0,0.0,0.0,0.0,0.0,0.0,0.0,0.0,0.0,0.0,0.0,0.0,0.0,0.0,0.0,5.0,7.64,-7.27,12.83,469.9351993,1806.29,3.19,3.49,0.11,7.88,1,1100.0,2880.0,60.0,2
0.069767442,0.23255814,0.23255814,0.23255814,0.23255814,0.0,0.0,0.0,0.0,0.0,0.0,0.0,0.0,0.0,0.0,0.0,0.0,0.0,0.0,0.0,0.0,0.0,0.0,0.0,0.0,5.0,7.64,-7.27,12.83,469.9351993,1806.29,3.19,3.49,0.11,7.88,1,1100.0,2880.0,60.0,2
0.069767442,0.23255814,0.23255814,0.23255814,0.23255814,0.0,0.0,0.0,0.0,0.0,0.0,0.0,0.0,0.0,0.0,0.0,0.0,0.0,0.0,0.0,0.0,0.0,0.0,0.0,0.0,5.0,7.64,-7.27,12.83,469.9351993,1806.29,3.19,3.49,0.11,7.88,1,1100.0,2880.0,60.0,3
0.069767442,0.23255814,0.23255814,0.23255814,0.23255814,0.0,0.0,0.0,0.0,0.0,0.0,0.0,0.0,0.0,0.0,0.0,0.0,0.0,0.0,0.0,0.0,0.0,0.0,0.0,0.0,5.0,7.64,-7.27,12.83,469.9351993,1806.29,3.19,3.49,0.11,7.88,1,1100.0,2880.0,60.0,3
0.069767442,0.23255814,0.23255814,0.23255814,0.23255814,0.0,0.0,0.0,0.0,0.0,0.0,0.0,0.0,0.0,0.0,0.0,0.0,0.0,0.0,0.0,0.0,0.0,0.0,0.0,0.0,5.0,7.64,-7.27,12.83,469.9351993,1806.29,3.19,3.49,0.11,7.88,1,1100.0,2880.0,60.0,2
0.069767442,0.23255814,0.23255814,0.23255814,0.23255814,0.0,0.0,0.0,0.0,0.0,0.0,0.0,0.0,0.0,0.0,0.0,0.0,0.0,0.0,0.0,0.0,0.0,0.0,0.0,0.0,5.0,7.64,-7.27,12.83,469.9351993,1806.29,3.19,3.49,0.11,7.88,1,1100.0,2880.0,60.0,3
0.2,0.0,0.0,0.0,0.0,0.0,0.0,0.2,0.2,0.2,0.0,0.2,0.0,0.0,0.0,0.0,0.0,0.0,0.0,0.0,0.0,0.0,0.0,0.0,0.0,5.0,5.76,-17.44,13.38,515.8708658,1987.09,1.52,5.53,0.11,4.2,1,1200.0,120.0,1440.0,1
0.243902439,0.0,0.0,0.0,0.0,0.0,0.0,0.243902439,0.243902439,0.243902439,0.0,0.024390244,0.0,0.0,0.0,0.0,0.0,0.0,0.0,0.0,0.0,0.0,0.0,0.0,0.0,5.0,5.540863957,-16.75193337,12.198543,426.6962822,1636.160469,1.390335392,4.420373774,0.052617394,4.243902439,1,1200.0,120.0,1440.0,3
0.235294118,0.0,0.0,0.0,0.0,0.0,0.0,0.235294118,0.235294118,0.235294118,0.0,0.058823529,0.0,0.0,0.0,0.0,0.0,0.0,0.0,0.0,0.0,0.0,0.0,0.0,0.0,5.0,5.587998462,-17.38408304,12.70837022,428.692442,1647.036543,1.403723246,4.966561777,0.070332871,4.235294118,1,1200.0,120.0,1440.0,3
0.222222222,0.0,0.0,0.0,0.0,0.0,0.0,0.222222222,0.222222222,0.222222222,0.0,0.111111111,0.0,0.0,0.0,0.0,0.0,0.0,0.0,0.0,0.0,0.0,0.0,0.0,0.0,5.0,5.65713141,-18.17283951,13.14594406,432.0973738,1662.916305,1.400519679,5.607337231,0.089083121,4.222222222,1,1200.0,120.0,1440.0,3
0.2,0.0,0.0,0.0,0.0,0.0,0.0,0.2,0.2,0.2,0.0,0.2,0.0,0.0,0.0,0.0,0.0,0.0,0.0,0.0,0.0,0.0,0.0,0.0,0.0,5.0,5.76,-17.44,13.38,515.8708658,1987.09,1.52,5.53,0.11,4.2,1,1200.0,120.0,1440.0,3
0.181818182,0.0,0.0,0.0,0.0,0.0,0.0,0.181818182,0.181818182,0.181818182,0.0,0.272727273,0.0,0.0,0.0,0.0,0.0,0.0,0.0,0.0,0.0,0.0,0.0,0.0,0.0,5.0,5.853909651,-19.30578512,13.2546386,443.5350562,1707.650753,1.359944594,6.72027796,0.121437669,4.181818182,1,1200.0,120.0,1440.0,3
0.2,0.0,0.0,0.0,0.0,0.0,0.0,0.2,0.2,0.2,0.0,0.2,0.0,0.0,0.0,0.0,0.0,0.0,0.0,0.0,0.0,0.0,0.0,0.0,0.0,5.0,5.76,-17.44,13.38,515.8708658,1987.09,1.52,5.53,0.11,4.2,1,1200.0,120.0,1440.0,1
0.243902439,0.0,0.0,0.0,0.0,0.0,0.0,0.243902439,0.243902439,0.243902439,0.0,0.024390244,0.0,0.0,0.0,0.0,0.0,0.0,0.0,0.0,0.0,0.0,0.0,0.0,0.0,5.0,5.540863957,-16.75193337,12.198543,426.6962822,1636.160469,1.390335392,4.420373774,0.052617394,4.243902439,1,1200.0,120.0,1440.0,3
0.235294118,0.0,0.0,0.0,0.0,0.0,0.0,0.235294118,0.235294118,0.235294118,0.0,0.058823529,0.0,0.0,0.0,0.0,0.0,0.0,0.0,0.0,0.0,0.0,0.0,0.0,0.0,5.0,5.587998462,-17.38408304,12.70837022,428.692442,1647.036543,1.403723246,4.966561777,0.070332871,4.235294118,1,1200.0,120.0,1440.0,3
0.222222222,0.0,0.0,0.0,0.0,0.0,0.0,0.222222222,0.222222222,0.222222222,0.0,0.111111111,0.0,0.0,0.0,0.0,0.0,0.0,0.0,0.0,0.0,0.0,0.0,0.0,0.0,5.0,5.65713141,-18.17283951,13.14594406,432.0973738,1662.916305,1.400519679,5.607337231,0.089083121,4.222222222,1,1200.0,120.0,1440.0,3
0.2,0.0,0.0,0.0,0.0,0.0,0.0,0.2,0.2,0.2,0.0,0.2,0.0,0.0,0.0,0.0,0.0,0.0,0.0,0.0,0.0,0.0,0.0,0.0,0.0,5.0,5.76,-17.44,13.38,515.8708658,1987.09,1.52,5.53,0.11,4.2,1,1200.0,120.0,1440.0,3
0.181818182,0.0,0.0,0.0,0.0,0.0,0.0,0.181818182,0.181818182,0.181818182,0.0,0.272727273,0.0,0.0,0.0,0.0,0.0,0.0,0.0,0.0,0.0,0.0,0.0,0.0,0.0,5.0,5.853909651,-19.30578512,13.2546386,443.5350562,1707.650753,1.359944594,6.72027796,0.121437669,4.181818182,1,1200.0,120.0,1440.0,3
0.2,0.2,0.2,0.2,0.2,0.0,0.0,0.0,0.0,0.0,0.0,0.0,0.0,0.0,0.0,0.0,0.0,0.0,0.0,0.0,0.0,0.0,0.0,0.0,0.0,5.0,6.72,-12.32,13.38,437.2111258,1684.09,1.83,5.25,0.12,7.2,2,1200.0,120.0,120.0,3
0.2,0.2,0.2,0.2,0.2,0.0,0.0,0.0,0.0,0.0,0.0,0.0,0.0,0.0,0.0,0.0,0.0,0.0,0.0,0.0,0.0,0.0,0.0,0.0,0.0,5.0,6.72,-12.32,13.38,437.2111258,1684.09,1.83,5.25,0.12,7.2,2,1200.0,120.0,120.0,1
0.0,0.1,0.15,0.35,0.25,0.0,0.05,0.0,0.1,0.0,0.0,0.0,0.0,0.0,0.0,0.0,0.0,0.0,0.0,0.0,0.0,0.0,0.0,0.0,0.0,6.0,7.871764882,-6.26,13.37699643,403.4622915,1554.05548,3.904556099,2.403624139,0.113643082,7.95,1,1100.0,360.0,360.0,2
0.0,0.333333333,0.333333333,0.0,0.333333333,0.0,0.0,0.0,0.0,0.0,0.0,0.0,0.0,0.0,0.0,0.0,0.0,0.0,0.0,0.0,0.0,0.0,0.0,0.0,0.0,3.0,8.28,-4.89,9.13,499.23715,1892.0,3.54,1.12,0.11,8.33,1,1200.0,280.0,60.0,2
0.0,0.333333333,0.333333333,0.0,0.333333333,0.0,0.0,0.0,0.0,0.0,0.0,0.0,0.0,0.0,0.0,0.0,0.0,0.0,0.0,0.0,0.0,0.0,0.0,0.0,0.0,3.0,8.28,-4.89,9.13,499.23715,1892.0,3.54,1.12,0.11,8.33,1,1200.0,280.0,60.0,2
0.0,0.333333333,0.333333333,0.0,0.333333333,0.0,0.0,0.0,0.0,0.0,0.0,0.0,0.0,0.0,0.0,0.0,0.0,0.0,0.0,0.0,0.0,0.0,0.0,0.0,0.0,3.0,8.28,-4.89,9.13,499.23715,1892.0,3.54,1.12,0.11,8.33,1,1200.0,280.0,60.0,2
0.0,0.2,0.2,0.2,0.2,0.0,0.2,0.0,0.0,0.0,0.0,0.0,0.0,0.0,0.0,0.0,0.0,0.0,0.0,0.0,0.0,0.0,0.0,0.0,0.0,5.0,8.03,-4.16,13.38,467.623384,1801.2,5.79,0.92,0.14,8.0,1,1200.0,2880.0,60.0,2
0.0,0.2,0.2,0.2,0.2,0.0,0.2,0.0,0.0,0.0,0.0,0.0,0.0,0.0,0.0,0.0,0.0,0.0,0.0,0.0,0.0,0.0,0.0,0.0,0.0,5.0,8.03,-4.16,13.38,467.623384,1801.2,5.79,0.92,0.14,8.0,1,1200.0,2880.0,60.0,2
0.0,0.2,0.2,0.2,0.2,0.0,0.2,0.0,0.0,0.0,0.0,0.0,0.0,0.0,0.0,0.0,0.0,0.0,0.0,0.0,0.0,0.0,0.0,0.0,0.0,5.0,8.03,-4.16,13.38,467.623384,1801.2,5.79,0.92,0.14,8.0,1,1200.0,2880.0,60.0,2
0.0,0.2,0.2,0.2,0.2,0.0,0.2,0.0,0.0,0.0,0.0,0.0,0.0,0.0,0.0,0.0,0.0,0.0,0.0,0.0,0.0,0.0,0.0,0.0,0.0,5.0,8.03,-4.16,13.38,467.623384,1801.2,5.79,0.92,0.14,8.0,1,1200.0,2880.0,60.0,2
0.0,0.2,0.2,0.2,0.2,0.0,0.2,0.0,0.0,0.0,0.0,0.0,0.0,0.0,0.0,0.0,0.0,0.0,0.0,0.0,0.0,0.0,0.0,0.0,0.0,5.0,8.03,-4.16,13.38,467.623384,1801.2,5.79,0.92,0.14,8.0,1,1200.0,2880.0,60.0,2
0.0,0.2,0.2,0.2,0.2,0.0,0.2,0.0,0.0,0.0,0.0,0.0,0.0,0.0,0.0,0.0,0.0,0.0,0.0,0.0,0.0,0.0,0.0,0.0,0.0,5.0,8.03,-4.16,13.38,467.623384,1801.2,5.79,0.92,0.14,8.0,1,1200.0,2880.0,60.0,2
0.0,0.2,0.2,0.2,0.2,0.0,0.2,0.0,0.0,0.0,0.0,0.0,0.0,0.0,0.0,0.0,0.0,0.0,0.0,0.0,0.0,0.0,0.0,0.0,0.0,5.0,8.03,-4.16,13.38,467.623384,1801.2,5.79,0.92,0.14,8.0,1,1200.0,2880.0,60.0,2
0.0,0.2,0.2,0.2,0.2,0.0,0.2,0.0,0.0,0.0,0.0,0.0,0.0,0.0,0.0,0.0,0.0,0.0,0.0,0.0,0.0,0.0,0.0,0.0,0.0,5.0,8.03,-4.16,13.38,467.623384,1801.2,5.79,0.92,0.14,8.0,1,1200.0,2880.0,60.0,2
0.0,0.2,0.2,0.2,0.2,0.0,0.2,0.0,0.0,0.0,0.0,0.0,0.0,0.0,0.0,0.0,0.0,0.0,0.0,0.0,0.0,0.0,0.0,0.0,0.0,5.0,8.03,-4.16,13.38,467.623384,1801.2,5.79,0.92,0.14,8.0,1,1200.0,2880.0,60.0,2
0.0,0.2,0.2,0.2,0.2,0.0,0.2,0.0,0.0,0.0,0.0,0.0,0.0,0.0,0.0,0.0,0.0,0.0,0.0,0.0,0.0,0.0,0.0,0.0,0.0,5.0,8.03,-4.16,13.38,467.623384,1801.2,5.79,0.92,0.14,8.0,1,1200.0,2880.0,60.0,2
0.0,0.2,0.2,0.2,0.2,0.0,0.2,0.0,0.0,0.0,0.0,0.0,0.0,0.0,0.0,0.0,0.0,0.0,0.0,0.0,0.0,0.0,0.0,0.0,0.0,5.0,8.03,-4.16,13.38,467.623384,1801.2,5.79,0.92,0.14,8.0,1,1200.0,2880.0,60.0,2
0.0,0.2,0.2,0.2,0.2,0.0,0.2,0.0,0.0,0.0,0.0,0.0,0.0,0.0,0.0,0.0,0.0,0.0,0.0,0.0,0.0,0.0,0.0,0.0,0.0,5.0,8.03,-4.16,13.38,467.623384,1801.2,5.79,0.92,0.14,8.0,1,1200.0,2880.0,60.0,2
0.0,0.2,0.2,0.2,0.2,0.0,0.2,0.0,0.0,0.0,0.0,0.0,0.0,0.0,0.0,0.0,0.0,0.0,0.0,0.0,0.0,0.0,0.0,0.0,0.0,5.0,8.03,-4.16,13.38,467.623384,1801.2,5.79,0.92,0.14,8.0,1,1200.0,2880.0,60.0,2
0.0,0.2,0.2,0.2,0.2,0.0,0.2,0.0,0.0,0.0,0.0,0.0,0.0,0.0,0.0,0.0,0.0,0.0,0.0,0.0,0.0,0.0,0.0,0.0,0.0,5.0,8.03,-4.16,13.38,467.623384,1801.2,5.79,0.92,0.14,8.0,1,1200.0,2880.0,60.0,2
0.0,0.2,0.2,0.2,0.2,0.0,0.2,0.0,0.0,0.0,0.0,0.0,0.0,0.0,0.0,0.0,0.0,0.0,0.0,0.0,0.0,0.0,0.0,0.0,0.0,5.0,8.03,-4.16,13.38,467.623384,1801.2,5.79,0.92,0.14,8.0,1,1200.0,2880.0,60.0,2
0.0,0.2,0.2,0.2,0.2,0.0,0.2,0.0,0.0,0.0,0.0,0.0,0.0,0.0,0.0,0.0,0.0,0.0,0.0,0.0,0.0,0.0,0.0,0.0,0.0,5.0,8.03,-4.16,13.38,467.623384,1801.2,5.79,0.92,0.14,8.0,1,1200.0,2880.0,60.0,2
0.0,0.2,0.2,0.2,0.2,0.0,0.2,0.0,0.0,0.0,0.0,0.0,0.0,0.0,0.0,0.0,0.0,0.0,0.0,0.0,0.0,0.0,0.0,0.0,0.0,5.0,8.03,-4.16,13.38,467.623384,1801.2,5.79,0.92,0.14,8.0,1,1200.0,2880.0,60.0,2
0.0,0.2,0.2,0.2,0.2,0.0,0.2,0.0,0.0,0.0,0.0,0.0,0.0,0.0,0.0,0.0,0.0,0.0,0.0,0.0,0.0,0.0,0.0,0.0,0.0,5.0,8.03,-4.16,13.38,467.623384,1801.2,5.79,0.92,0.14,8.0,1,1200.0,2880.0,60.0,2
0.0,0.2,0.2,0.2,0.2,0.0,0.2,0.0,0.0,0.0,0.0,0.0,0.0,0.0,0.0,0.0,0.0,0.0,0.0,0.0,0.0,0.0,0.0,0.0,0.0,5.0,8.03,-4.16,13.38,467.623384,1801.2,5.79,0.92,0.14,8.0,2,1200.0,120.0,60.0,2
0.0,0.2,0.2,0.2,0.2,0.0,0.2,0.0,0.0,0.0,0.0,0.0,0.0,0.0,0.0,0.0,0.0,0.0,0.0,0.0,0.0,0.0,0.0,0.0,0.0,5.0,8.03,-4.16,13.38,467.623384,1801.2,5.79,0.92,0.14,8.0,2,1200.0,120.0,60.0,2
0.0,0.2,0.2,0.2,0.2,0.0,0.2,0.0,0.0,0.0,0.0,0.0,0.0,0.0,0.0,0.0,0.0,0.0,0.0,0.0,0.0,0.0,0.0,0.0,0.0,5.0,8.03,-4.16,13.38,467.623384,1801.2,5.79,0.92,0.14,8.0,2,1200.0,120.0,60.0,3
0.0,0.2,0.2,0.2,0.2,0.2,0.0,0.0,0.0,0.0,0.0,0.0,0.0,0.0,0.0,0.0,0.0,0.0,0.0,0.0,0.0,0.0,0.0,0.0,0.0,5.0,8.33,3.2,13.38,459.257999,1768.95,7.4,1.07,0.09,8.8,1,1200.0,2880.0,60.0,2
0.0,0.2,0.2,0.2,0.2,0.2,0.0,0.0,0.0,0.0,0.0,0.0,0.0,0.0,0.0,0.0,0.0,0.0,0.0,0.0,0.0,0.0,0.0,0.0,0.0,5.0,8.33,3.2,13.38,459.257999,1768.95,7.4,1.07,0.09,8.8,1,1200.0,2880.0,900.0,2
0.0,0.2,0.2,0.2,0.2,0.2,0.0,0.0,0.0,0.0,0.0,0.0,0.0,0.0,0.0,0.0,0.0,0.0,0.0,0.0,0.0,0.0,0.0,0.0,0.0,5.0,8.33,3.2,13.38,459.257999,1768.95,7.4,1.07,0.09,8.8,1,1200.0,2880.0,60.0,2
0.0,0.2,0.2,0.2,0.2,0.2,0.0,0.0,0.0,0.0,0.0,0.0,0.0,0.0,0.0,0.0,0.0,0.0,0.0,0.0,0.0,0.0,0.0,0.0,0.0,5.0,8.33,3.2,13.38,459.257999,1768.95,7.4,1.07,0.09,8.8,1,1200.0,2880.0,60.0,2
0.0,0.2,0.2,0.2,0.2,0.2,0.0,0.0,0.0,0.0,0.0,0.0,0.0,0.0,0.0,0.0,0.0,0.0,0.0,0.0,0.0,0.0,0.0,0.0,0.0,5.0,8.33,3.2,13.38,459.257999,1768.95,7.4,1.07,0.09,8.8,1,1200.0,2880.0,60.0,2
0.090909091,0.181818182,0.181818182,0.181818182,0.181818182,0.0,0.181818182,0.0,0.0,0.0,0.0,0.0,0.0,0.0,0.0,0.0,0.0,0.0,0.0,0.0,0.0,0.0,0.0,0.0,0.0,6.0,7.600796932,-2.650887574,16.00634718,348.1272116,1354.62436,9.828678437,4.425912803,0.13887545,8.076923077,1,1200.0,360.0,360.0,4
0.0,0.333333333,0.333333333,0.0,0.333333333,0.0,0.0,0.0,0.0,0.0,0.0,0.0,0.0,0.0,0.0,0.0,0.0,0.0,0.0,0.0,0.0,0.0,0.0,0.0,0.0,3.0,8.28,-4.89,9.13,499.23715,1892.0,3.54,1.12,0.11,8.33,1,1100.0,360.0,60.0,2
0.0,0.2,0.2,0.2,0.2,0.0,0.2,0.0,0.0,0.0,0.0,0.0,0.0,0.0,0.0,0.0,0.0,0.0,0.0,0.0,0.0,0.0,0.0,0.0,0.0,5.0,8.025760676,-4.16,13.38,467.623384,1801.2,5.79,0.92,0.14,8.0,1,1200.0,3600.0,600.0,2
0.1,0.25,0.08,0.15,0.36,0.0,0.0,0.06,0.0,0.0,0.0,0.0,0.0,0.0,0.0,0.0,0.0,0.0,0.0,0.0,0.0,0.0,0.0,0.0,0.0,6.0,7.388644866,-13.9748,13.30361728,369.6710207,1423.527704,1.615189543,5.655462385,0.122434105,8.07,1,1220.0,1200.0,6000.0,3
0.1,0.25,0.08,0.15,0.36,0.0,0.0,0.06,0.0,0.0,0.0,0.0,0.0,0.0,0.0,0.0,0.0,0.0,0.0,0.0,0.0,0.0,0.0,0.0,0.0,6.0,7.388644866,-13.9748,13.30361728,369.6710207,1423.527704,1.615189543,5.655462385,0.122434105,8.07,1,1220.0,1200.0,6000.0,3
0.1,0.25,0.08,0.15,0.36,0.0,0.0,0.06,0.0,0.0,0.0,0.0,0.0,0.0,0.0,0.0,0.0,0.0,0.0,0.0,0.0,0.0,0.0,0.0,0.0,6.0,7.388644866,-13.9748,13.30361728,369.6710207,1423.527704,1.615189543,5.655462385,0.122434105,8.07,1,1220.0,1200.0,6000.0,3
0.1,0.25,0.08,0.15,0.36,0.0,0.0,0.06,0.0,0.0,0.0,0.0,0.0,0.0,0.0,0.0,0.0,0.0,0.0,0.0,0.0,0.0,0.0,0.0,0.0,6.0,7.388644866,-13.9748,13.30361728,369.6710207,1423.527704,1.615189543,5.655462385,0.122434105,8.07,1,1220.0,1200.0,6000.0,3
0.1,0.25,0.08,0.15,0.36,0.0,0.0,0.06,0.0,0.0,0.0,0.0,0.0,0.0,0.0,0.0,0.0,0.0,0.0,0.0,0.0,0.0,0.0,0.0,0.0,6.0,7.388644866,-13.9748,13.30361728,369.6710207,1423.527704,1.615189543,5.655462385,0.122434105,8.07,1,1220.0,1200.0,6000.0,3
0.1,0.25,0.08,0.15,0.36,0.0,0.0,0.06,0.0,0.0,0.0,0.0,0.0,0.0,0.0,0.0,0.0,0.0,0.0,0.0,0.0,0.0,0.0,0.0,0.0,6.0,7.388644866,-13.9748,13.30361728,369.6710207,1423.527704,1.615189543,5.655462385,0.122434105,8.07,1,1220.0,1200.0,6000.0,3
0.1,0.25,0.08,0.15,0.36,0.0,0.0,0.06,0.0,0.0,0.0,0.0,0.0,0.0,0.0,0.0,0.0,0.0,0.0,0.0,0.0,0.0,0.0,0.0,0.0,6.0,7.388644866,-13.9748,13.30361728,369.6710207,1423.527704,1.615189543,5.655462385,0.122434105,8.07,1,1220.0,1200.0,6000.0,3
0.1,0.25,0.08,0.15,0.36,0.0,0.0,0.06,0.0,0.0,0.0,0.0,0.0,0.0,0.0,0.0,0.0,0.0,0.0,0.0,0.0,0.0,0.0,0.0,0.0,6.0,7.388644866,-13.9748,13.30361728,369.6710207,1423.527704,1.615189543,5.655462385,0.122434105,8.07,1,1220.0,1200.0,6000.0,3
0.095,0.25,0.08,0.15,0.36,0.0,0.0,0.06,0.0,0.0,0.0,0.0,0.005,0.0,0.0,0.0,0.0,0.0,0.0,0.0,0.0,0.0,0.0,0.0,0.0,7.0,7.474871348,-14.2653,13.46867203,366.4755972,1412.121864,1.591159948,5.828183,0.126940685,8.075,1,1140.0,1200.0,6000.0,3
0.095,0.25,0.08,0.15,0.36,0.0,0.0,0.06,0.0,0.0,0.0,0.0,0.005,0.0,0.0,0.0,0.0,0.0,0.0,0.0,0.0,0.0,0.0,0.0,0.0,7.0,7.474871348,-14.2653,13.46867203,366.4755972,1412.121864,1.591159948,5.828183,0.126940685,8.075,1,1140.0,1200.0,6000.0,3
0.095,0.25,0.08,0.15,0.36,0.0,0.0,0.06,0.0,0.0,0.0,0.0,0.005,0.0,0.0,0.0,0.0,0.0,0.0,0.0,0.0,0.0,0.0,0.0,0.0,7.0,7.474871348,-14.2653,13.46867203,366.4755972,1412.121864,1.591159948,5.828183,0.126940685,8.075,1,1140.0,1200.0,6000.0,3
0.095,0.25,0.08,0.15,0.36,0.0,0.0,0.06,0.0,0.0,0.0,0.0,0.005,0.0,0.0,0.0,0.0,0.0,0.0,0.0,0.0,0.0,0.0,0.0,0.0,7.0,7.474871348,-14.2653,13.46867203,366.4755972,1412.121864,1.591159948,5.828183,0.126940685,8.075,1,1140.0,1200.0,6000.0,3
0.095,0.25,0.08,0.15,0.36,0.0,0.0,0.06,0.0,0.0,0.0,0.0,0.005,0.0,0.0,0.0,0.0,0.0,0.0,0.0,0.0,0.0,0.0,0.0,0.0,7.0,7.474871348,-14.2653,13.46867203,366.4755972,1412.121864,1.591159948,5.828183,0.126940685,8.075,1,1140.0,1200.0,6000.0,3
0.0,0.2,0.2,0.2,0.2,0.0,0.2,0.0,0.0,0.0,0.0,0.0,0.0,0.0,0.0,0.0,0.0,0.0,0.0,0.0,0.0,0.0,0.0,0.0,0.0,5.0,8.025760676,-4.16,13.38161053,386.5578337,1488.962298,5.668245305,3.269463577,0.138361844,8.0,1,1100.0,360.0,10.0,2
0.0,0.1,0.25,0.2,0.4,0.0,0.05,0.0,0.0,0.0,0.0,0.0,0.0,0.0,0.0,0.0,0.0,0.0,0.0,0.0,0.0,0.0,0.0,0.0,0.0,5.0,8.161002668,-4.76,11.76515168,401.9300538,1538.595698,4.478038434,1.823651253,0.116510729,8.35,1,1100.0,360.0,10.0,2
0.0,0.1,0.25,0.2,0.4,0.0,0.05,0.0,0.0,0.0,0.0,0.0,0.0,0.0,0.0,0.0,0.0,0.0,0.0,0.0,0.0,0.0,0.0,0.0,0.0,5.0,8.161002668,-4.76,11.76515168,401.9300538,1538.595698,4.478038434,1.823651253,0.116510729,8.35,1,1100.0,360.0,10.0,2
0.0,0.2,0.25,0.1,0.4,0.0,0.05,0.0,0.0,0.0,0.0,0.0,0.0,0.0,0.0,0.0,0.0,0.0,0.0,0.0,0.0,0.0,0.0,0.0,0.0,5.0,8.262592345,-4.84,11.76515168,400.8055151,1534.2913,4.393558069,1.801258717,0.118299408,8.45,1,1100.0,360.0,10.0,2
0.0,0.0,0.15,0.375,0.375,0.0,0.1,0.0,0.0,0.0,0.0,0.0,0.0,0.0,0.0,0.0,0.0,0.0,0.0,0.0,0.0,0.0,0.0,0.0,0.0,4.0,8.083310469,-4.005,10.39680622,400.0850909,1523.55,4.664155239,2.534584435,0.118417693,8.35,1,1150.0,120.0,60.0,1
0.05,0.0,0.15,0.335,0.335,0.0,0.1,0.03,0.0,0.0,0.0,0.0,0.0,0.0,0.0,0.0,0.0,0.0,0.0,0.0,0.0,0.0,0.0,0.0,0.0,6.0,7.221917382,-11.27873016,12.94078723,369.3521255,1420.305016,1.94300606,5.306087331,0.132894994,7.666666667,1,1150.0,120.0,60.0,3
0.04,0.0,0.15,0.335,0.335,0.0,0.1,0.04,0.0,0.0,0.0,0.0,0.0,0.0,0.0,0.0,0.0,0.0,0.0,0.0,0.0,0.0,0.0,0.0,0.0,6.0,7.557719697,-9.7426,12.51380718,383.5316131,1472.405702,2.242065514,4.78716918,0.131911296,7.91,1,1150.0,120.0,60.0,3
0.03,0.0,0.15,0.335,0.335,0.0,0.1,0.05,0.0,0.0,0.0,0.0,0.0,0.0,0.0,0.0,0.0,0.0,0.0,0.0,0.0,0.0,0.0,0.0,0.0,6.0,7.5808311,-10.0974,12.4927989,386.2813635,1482.843696,2.17256681,4.853637233,0.13300812,7.92,1,1150.0,120.0,60.0,3
0.07,0.286666667,0.0,0.286666667,0.286666667,0.0,0.0,0.07,0.0,0.0,0.0,0.0,0.0,0.0,0.0,0.0,0.0,0.0,0.0,0.0,0.0,0.0,0.0,0.0,0.0,5.0,7.379340731,-13.91608889,12.02945239,392.7831402,1505.139411,1.537202584,5.411474587,0.133739693,7.656666667,1,1150.0,120.0,280.0,3
0.08,0.286666667,0.0,0.286666667,0.286666667,0.0,0.0,0.06,0.0,0.0,0.0,0.0,0.0,0.0,0.0,0.0,0.0,0.0,0.0,0.0,0.0,0.0,0.0,0.0,0.0,5.0,7.356273335,-13.68622222,12.01753385,389.9655798,1494.273818,1.55193122,5.354330012,0.132645576,7.646666667,1,1150.0,120.0,280.0,3
